timestamp,rpm,temperature,humidity,current,vibration,status,data_source
2026-08-20T08:00:00,1535.0,36.1,58.8,0.76,0.074,0,synthetic
2026-08-20T08:01:00,1505.3,35.3,59.0,0.73,0.095,0,synthetic
2026-08-20T08:02:00,1481.7,35.0,59.4,0.7,0.099,0,synthetic
2026-08-20T08:03:00,1529.7,35.3,58.3,0.7,0.105,0,synthetic
2026-08-20T08:04:00,1501.5,34.4,59.4,0.74,0.11,0,synthetic
2026-08-20T08:05:00,1517.7,35.1,57.4,0.7,0.101,0,synthetic
2026-08-20T08:06:00,1521.5,35.0,60.3,0.79,0.084,0,synthetic
2026-08-20T08:07:00,1514.4,35.5,59.0,0.71,0.129,0,synthetic
2026-08-20T08:08:00,1487.9,35.5,60.0,0.77,0.14,0,synthetic
2026-08-20T08:09:00,1517.2,34.5,55.4,0.71,0.099,0,synthetic
2026-08-20T08:10:00,1499.7,35.9,59.7,0.7,0.09,0,synthetic
2026-08-20T08:11:00,1516.3,35.4,61.9,0.71,0.094,0,synthetic
2026-08-20T08:12:00,1511.4,35.0,55.1,0.75,0.093,0,synthetic
2026-08-20T08:13:00,1483.5,35.6,59.7,0.81,0.125,0,synthetic
2026-08-20T08:14:00,1509.6,35.9,62.4,0.74,0.111,0,synthetic
2026-08-20T08:15:00,1506.6,35.8,56.9,0.72,0.056,0,synthetic
2026-08-20T08:16:00,1503.5,35.2,64.1,0.81,0.107,0,synthetic
2026-08-20T08:17:00,1509.7,35.9,59.9,0.73,0.112,0,synthetic
2026-08-20T08:18:00,1509.5,35.2,58.3,0.69,0.111,0,synthetic
2026-08-20T08:19:00,1494.1,35.6,59.9,0.75,0.118,0,synthetic
2026-08-20T08:20:00,1485.8,34.9,63.1,0.68,0.096,0,synthetic
2026-08-20T08:21:00,1508.7,35.4,61.8,0.68,0.089,0,synthetic
2026-08-20T08:22:00,1468.3,34.7,60.4,0.66,0.137,0,synthetic
2026-08-20T08:23:00,1510.7,34.6,58.9,0.64,0.1,0,synthetic
2026-08-20T08:24:00,1479.7,35.9,59.6,0.72,0.081,0,synthetic
2026-08-20T08:25:00,1491.8,36.2,57.0,0.69,0.113,0,synthetic
2026-08-20T08:26:00,1500.8,35.2,61.9,0.68,0.094,0,synthetic
2026-08-20T08:27:00,1477.8,36.1,59.6,0.76,0.12,0,synthetic
2026-08-20T08:28:00,1507.4,36.0,59.4,0.73,0.099,0,synthetic
2026-08-20T08:29:00,1487.5,34.7,62.4,0.68,0.096,0,synthetic
2026-08-20T08:30:00,1524.7,35.5,62.9,0.71,0.099,0,synthetic
2026-08-20T08:31:00,1455.1,36.4,60.8,0.7,0.104,0,synthetic
2026-08-20T08:32:00,1462.5,35.1,57.3,0.74,0.087,0,synthetic
2026-08-20T08:33:00,1496.3,36.4,60.4,0.7,0.056,0,synthetic
2026-08-20T08:34:00,1513.0,33.9,62.9,0.69,0.096,0,synthetic
2026-08-20T08:35:00,1513.4,35.8,61.4,0.7,0.102,0,synthetic
2026-08-20T08:36:00,1514.1,35.9,65.0,0.74,0.102,0,synthetic
2026-08-20T08:37:00,1482.8,35.3,60.4,0.76,0.114,0,synthetic
2026-08-20T08:38:00,1505.9,35.6,61.7,0.73,0.104,0,synthetic
2026-08-20T08:39:00,1521.4,34.1,59.7,0.73,0.119,0,synthetic
2026-08-20T08:40:00,1536.2,35.0,59.4,0.71,0.083,0,synthetic
2026-08-20T08:41:00,1484.3,35.5,60.4,0.71,0.072,0,synthetic
2026-08-20T08:42:00,1481.8,36.6,60.9,0.77,0.11,0,synthetic
2026-08-20T08:43:00,1517.1,35.0,62.4,0.69,0.118,0,synthetic
2026-08-20T08:44:00,1476.5,34.6,58.8,0.69,0.112,0,synthetic
2026-08-20T08:45:00,1472.7,35.4,57.8,0.75,0.075,0,synthetic
2026-08-20T08:46:00,1486.1,35.7,55.5,0.74,0.105,0,synthetic
2026-08-20T08:47:00,1460.7,35.6,60.8,0.73,0.069,0,synthetic
2026-08-20T08:48:00,1513.6,35.3,58.1,0.71,0.093,0,synthetic
2026-08-20T08:49:00,1506.3,35.9,56.2,0.73,0.069,0,synthetic
2026-08-20T08:50:00,1479.7,35.4,61.0,0.71,0.099,0,synthetic
2026-08-20T08:51:00,1528.6,36.2,66.0,0.75,0.074,0,synthetic
2026-08-20T08:52:00,1507.7,35.5,60.2,0.75,0.14,0,synthetic
2026-08-20T08:53:00,1520.9,35.1,62.9,0.72,0.1,0,synthetic
2026-08-20T08:54:00,1483.6,34.9,60.5,0.77,0.11,0,synthetic
2026-08-20T08:55:00,1458.0,34.5,59.9,0.74,0.118,0,synthetic
2026-08-20T08:56:00,1539.1,35.9,63.4,0.7,0.079,0,synthetic
2026-08-20T08:57:00,1500.1,35.4,59.0,0.75,0.127,0,synthetic
2026-08-20T08:58:00,1524.6,35.3,62.1,0.77,0.111,0,synthetic
2026-08-20T08:59:00,1489.4,35.7,61.3,0.71,0.107,0,synthetic
2026-08-20T09:00:00,1508.3,34.9,56.6,0.73,0.101,0,synthetic
2026-08-20T09:01:00,1494.1,35.3,61.8,0.73,0.077,0,synthetic
2026-08-20T09:02:00,1535.1,35.4,59.6,0.77,0.091,0,synthetic
2026-08-20T09:03:00,1491.0,34.7,59.0,0.73,0.085,0,synthetic
2026-08-20T09:04:00,1512.6,35.0,61.3,0.7,0.118,0,synthetic
2026-08-20T09:05:00,1516.4,35.4,58.0,0.72,0.109,0,synthetic
2026-08-20T09:06:00,1495.9,35.8,59.7,0.7,0.096,0,synthetic
2026-08-20T09:07:00,1494.3,35.4,60.4,0.71,0.095,0,synthetic
2026-08-20T09:08:00,1420.6,43.6,61.7,0.94,0.232,1,synthetic
2026-08-20T09:09:00,1377.7,43.7,61.1,0.93,0.228,1,synthetic
2026-08-20T09:10:00,1410.8,42.6,59.9,0.95,0.263,1,synthetic
2026-08-20T09:11:00,1360.3,44.4,61.9,1.01,0.209,1,synthetic
2026-08-20T09:12:00,1396.4,44.9,62.7,1.14,0.294,1,synthetic
2026-08-20T09:13:00,1327.8,46.1,60.6,0.98,0.247,1,synthetic
2026-08-20T09:14:00,1385.9,43.8,61.9,0.94,0.35,1,synthetic
2026-08-20T09:15:00,1418.5,44.9,55.4,1.01,0.295,1,synthetic
2026-08-20T09:16:00,1380.2,43.9,57.8,1.03,0.278,1,synthetic
2026-08-20T09:17:00,1449.6,44.9,59.0,1.05,0.278,1,synthetic
2026-08-20T09:18:00,1330.4,44.4,58.5,0.92,0.343,1,synthetic
2026-08-20T09:19:00,1379.5,46.9,59.5,1.09,0.345,1,synthetic
2026-08-20T09:20:00,1400.3,43.4,60.3,0.89,0.339,1,synthetic
2026-08-20T09:21:00,1351.6,43.3,60.5,0.94,0.247,1,synthetic
2026-08-20T09:22:00,1370.8,45.5,61.1,1.03,0.236,1,synthetic
2026-08-20T09:23:00,1372.0,44.1,61.2,0.94,0.271,1,synthetic
2026-08-20T09:24:00,1371.4,45.3,60.5,1.01,0.236,1,synthetic
2026-08-20T09:25:00,1379.2,45.4,57.3,0.93,0.245,1,synthetic
2026-08-20T09:26:00,1367.7,43.7,58.1,1.01,0.197,1,synthetic
2026-08-20T09:27:00,1358.2,43.9,59.5,0.92,0.253,1,synthetic
2026-08-20T09:28:00,1311.7,43.8,54.8,0.85,0.256,1,synthetic
2026-08-20T09:29:00,1372.5,43.7,61.6,0.95,0.336,1,synthetic
2026-08-20T09:30:00,1394.9,42.8,63.6,0.85,0.311,1,synthetic
2026-08-20T09:31:00,1527.4,43.3,62.7,0.85,0.349,1,synthetic
2026-08-20T09:32:00,1388.4,43.8,58.1,0.95,0.257,1,synthetic
2026-08-20T09:33:00,1416.3,44.2,64.2,0.96,0.235,1,synthetic
2026-08-20T09:34:00,1371.3,44.5,61.0,1.0,0.251,1,synthetic
2026-08-20T09:35:00,1454.7,45.1,60.6,0.97,0.307,1,synthetic
2026-08-20T09:36:00,1364.8,44.2,58.9,1.02,0.272,1,synthetic
2026-08-20T09:37:00,1040.2,60.3,60.6,1.44,0.567,2,synthetic
2026-08-20T09:38:00,1089.5,59.8,60.3,1.4,0.479,2,synthetic
2026-08-20T09:39:00,1137.8,56.0,59.9,1.38,0.532,2,synthetic
2026-08-20T09:40:00,1099.7,58.4,60.7,1.39,0.601,2,synthetic
2026-08-20T09:41:00,928.2,59.6,58.0,1.46,0.311,2,synthetic
2026-08-20T09:42:00,1116.5,60.7,59.7,1.54,0.587,2,synthetic
2026-08-20T09:43:00,1159.8,61.3,61.1,1.56,0.531,2,synthetic
2026-08-20T09:44:00,954.0,57.3,63.4,1.38,0.508,2,synthetic
2026-08-20T09:45:00,999.3,58.0,57.4,1.49,0.504,2,synthetic
2026-08-20T09:46:00,867.0,60.3,56.0,1.44,0.441,2,synthetic
2026-08-20T09:47:00,1028.5,60.4,62.1,1.6,0.482,2,synthetic
2026-08-20T09:48:00,1041.1,61.1,55.3,1.6,0.609,2,synthetic
2026-08-20T09:49:00,943.2,57.9,62.4,1.44,0.557,2,synthetic
2026-08-20T09:50:00,1141.3,59.6,56.5,1.52,0.556,2,synthetic
2026-08-20T09:51:00,1026.2,59.8,56.2,1.48,0.451,2,synthetic
2026-08-20T09:52:00,867.4,59.5,61.8,1.35,0.517,2,synthetic
2026-08-20T09:53:00,913.2,60.8,61.0,1.51,0.426,2,synthetic
2026-08-20T09:54:00,1012.5,59.3,58.1,1.61,0.447,2,synthetic
2026-08-20T09:55:00,1103.1,56.4,55.5,1.27,0.323,2,synthetic
2026-08-20T09:56:00,1116.0,60.5,56.7,1.39,0.517,2,synthetic
2026-08-20T09:57:00,988.9,59.0,60.8,1.47,0.586,2,synthetic
2026-08-20T09:58:00,820.9,56.6,57.1,1.37,0.586,2,synthetic
2026-08-20T09:59:00,1508.9,35.4,60.2,0.71,0.103,0,synthetic
2026-08-20T10:00:00,1512.2,35.0,60.5,0.72,0.088,0,synthetic
2026-08-20T10:01:00,1459.0,36.0,62.1,0.75,0.093,0,synthetic
2026-08-20T10:02:00,1472.6,35.6,61.6,0.7,0.094,0,synthetic
2026-08-20T10:03:00,1482.9,34.5,57.7,0.7,0.104,0,synthetic
2026-08-20T10:04:00,1506.3,35.7,61.2,0.71,0.098,0,synthetic
2026-08-20T10:05:00,1506.4,35.9,60.2,0.77,0.1,0,synthetic
2026-08-20T10:06:00,1474.6,36.5,59.4,0.77,0.104,0,synthetic
2026-08-20T10:07:00,1536.4,36.5,57.9,0.74,0.111,0,synthetic
2026-08-20T10:08:00,1524.0,34.9,59.0,0.72,0.061,0,synthetic
2026-08-20T10:09:00,1506.2,34.4,58.3,0.72,0.124,0,synthetic
2026-08-20T10:10:00,1463.6,35.2,59.0,0.74,0.098,0,synthetic
2026-08-20T10:11:00,1525.6,35.1,63.9,0.75,0.112,0,synthetic
2026-08-20T10:12:00,1485.9,35.8,56.7,0.75,0.133,0,synthetic
2026-08-20T10:13:00,1507.2,35.5,55.3,0.68,0.111,0,synthetic
2026-08-20T10:14:00,1476.8,35.1,63.3,0.71,0.094,0,synthetic
2026-08-20T10:15:00,1505.0,36.1,60.9,0.71,0.085,0,synthetic
2026-08-20T10:16:00,1490.3,35.2,58.6,0.7,0.11,0,synthetic
2026-08-20T10:17:00,1514.8,35.9,61.8,0.66,0.126,0,synthetic
2026-08-20T10:18:00,1498.2,35.7,58.8,0.72,0.065,0,synthetic
2026-08-20T10:19:00,1508.9,37.0,63.4,0.75,0.08,0,synthetic
2026-08-20T10:20:00,1516.9,35.3,61.7,0.66,0.098,0,synthetic
2026-08-20T10:21:00,1509.4,34.8,58.3,0.7,0.086,0,synthetic
2026-08-20T10:22:00,1516.8,34.7,63.5,0.71,0.042,0,synthetic
2026-08-20T10:23:00,1467.4,35.9,59.0,0.68,0.102,0,synthetic
2026-08-20T10:24:00,1487.9,35.1,60.6,0.73,0.091,0,synthetic
2026-08-20T10:25:00,1465.0,35.7,60.3,0.71,0.103,0,synthetic
2026-08-20T10:26:00,1481.1,35.9,61.8,0.74,0.074,0,synthetic
2026-08-20T10:27:00,1485.0,35.5,63.5,0.68,0.09,0,synthetic
2026-08-20T10:28:00,1519.6,34.9,59.4,0.74,0.078,0,synthetic
2026-08-20T10:29:00,1526.6,34.7,60.0,0.68,0.118,0,synthetic
2026-08-20T10:30:00,1491.8,35.1,59.7,0.74,0.146,0,synthetic
2026-08-20T10:31:00,1462.4,35.8,59.0,0.74,0.062,0,synthetic
2026-08-20T10:32:00,1503.7,35.9,63.3,0.73,0.104,0,synthetic
2026-08-20T10:33:00,1486.5,34.9,60.6,0.7,0.117,0,synthetic
2026-08-20T10:34:00,1523.7,35.8,59.9,0.68,0.133,0,synthetic
2026-08-20T10:35:00,1535.6,35.2,60.9,0.67,0.09,0,synthetic
2026-08-20T10:36:00,1479.0,35.2,57.5,0.74,0.127,0,synthetic
2026-08-20T10:37:00,1480.2,35.6,58.0,0.69,0.125,0,synthetic
2026-08-20T10:38:00,1491.6,35.7,61.4,0.66,0.079,0,synthetic
2026-08-20T10:39:00,1503.8,35.0,59.4,0.75,0.075,0,synthetic
2026-08-20T10:40:00,1500.2,36.2,57.8,0.81,0.067,0,synthetic
2026-08-20T10:41:00,1515.4,35.8,59.6,0.73,0.085,0,synthetic
2026-08-20T10:42:00,1512.1,36.3,62.7,0.73,0.113,0,synthetic
2026-08-20T10:43:00,1503.0,36.2,62.6,0.69,0.086,0,synthetic
2026-08-20T10:44:00,1495.2,35.0,62.5,0.72,0.082,0,synthetic
2026-08-20T10:45:00,1538.8,34.9,59.0,0.69,0.092,0,synthetic
2026-08-20T10:46:00,1495.7,35.7,56.4,0.69,0.118,0,synthetic
2026-08-20T10:47:00,1527.1,35.8,63.4,0.76,0.103,0,synthetic
2026-08-20T10:48:00,1482.8,35.9,58.1,0.72,0.057,0,synthetic
2026-08-20T10:49:00,1530.1,37.1,59.3,0.71,0.096,0,synthetic
2026-08-20T10:50:00,1528.4,35.5,61.7,0.65,0.126,0,synthetic
2026-08-20T10:51:00,1478.5,35.8,62.0,0.77,0.081,0,synthetic
2026-08-20T10:52:00,1506.8,35.4,61.8,0.69,0.104,0,synthetic
2026-08-20T10:53:00,1521.2,36.3,64.3,0.74,0.107,0,synthetic
2026-08-20T10:54:00,1476.4,35.0,58.4,0.73,0.142,0,synthetic
2026-08-20T10:55:00,1508.3,36.1,63.7,0.72,0.08,0,synthetic
2026-08-20T10:56:00,1503.9,35.0,61.0,0.69,0.069,0,synthetic
2026-08-20T10:57:00,1509.5,34.9,61.2,0.72,0.088,0,synthetic
2026-08-20T10:58:00,1518.3,35.1,64.2,0.67,0.132,0,synthetic
2026-08-20T10:59:00,1473.2,35.4,62.5,0.68,0.097,0,synthetic
2026-08-20T11:00:00,1514.1,36.9,60.3,0.71,0.079,0,synthetic
2026-08-20T11:01:00,1532.6,34.6,62.0,0.71,0.132,0,synthetic
2026-08-20T11:02:00,1489.6,35.7,58.8,0.71,0.109,0,synthetic
2026-08-20T11:03:00,1496.7,34.7,57.5,0.72,0.057,0,synthetic
2026-08-20T11:04:00,1476.9,34.5,57.3,0.67,0.064,0,synthetic
2026-08-20T11:05:00,1539.1,36.0,56.2,0.7,0.104,0,synthetic
2026-08-20T11:06:00,1498.5,35.8,62.8,0.68,0.129,0,synthetic
2026-08-20T11:07:00,1479.5,35.0,57.2,0.71,0.081,0,synthetic
2026-08-20T11:08:00,1543.3,35.5,60.4,0.76,0.104,0,synthetic
2026-08-20T11:09:00,1488.7,35.9,59.6,0.7,0.102,0,synthetic
2026-08-20T11:10:00,1468.5,34.9,62.2,0.7,0.099,0,synthetic
2026-08-20T11:11:00,1472.3,36.2,61.3,0.74,0.13,0,synthetic
2026-08-20T11:12:00,1509.8,35.4,62.1,0.74,0.104,0,synthetic
2026-08-20T11:13:00,1449.4,35.1,60.5,0.74,0.103,0,synthetic
2026-08-20T11:14:00,1486.5,36.2,59.2,0.71,0.14,0,synthetic
2026-08-20T11:15:00,1497.1,35.4,60.1,0.75,0.104,0,synthetic
2026-08-20T11:16:00,1487.9,34.5,58.1,0.72,0.109,0,synthetic
2026-08-20T11:17:00,1521.3,35.6,64.1,0.73,0.128,0,synthetic
2026-08-20T11:18:00,1509.3,35.2,62.8,0.76,0.11,0,synthetic
2026-08-20T11:19:00,1517.8,35.5,61.7,0.74,0.074,0,synthetic
2026-08-20T11:20:00,1502.9,35.4,61.9,0.7,0.103,0,synthetic
2026-08-20T11:21:00,1477.2,35.2,62.0,0.72,0.084,0,synthetic
2026-08-20T11:22:00,1490.4,35.3,58.0,0.68,0.097,0,synthetic
2026-08-20T11:23:00,1541.1,35.9,56.5,0.75,0.092,0,synthetic
2026-08-20T11:24:00,1533.9,35.3,60.9,0.78,0.103,0,synthetic
2026-08-20T11:25:00,1473.3,35.0,58.5,0.71,0.103,0,synthetic
2026-08-20T11:26:00,1498.2,34.8,58.4,0.72,0.101,0,synthetic
2026-08-20T11:27:00,1474.3,35.5,62.3,0.75,0.058,0,synthetic
2026-08-20T11:28:00,1494.0,35.9,61.7,0.64,0.093,0,synthetic
2026-08-20T11:29:00,1489.7,35.5,58.8,0.77,0.113,0,synthetic
2026-08-20T11:30:00,1493.5,34.6,61.0,0.71,0.11,0,synthetic
2026-08-20T11:31:00,1538.7,35.9,63.1,0.74,0.099,0,synthetic
2026-08-20T11:32:00,1523.6,36.4,60.1,0.7,0.101,0,synthetic
2026-08-20T11:33:00,1472.6,36.1,64.8,0.73,0.099,0,synthetic
2026-08-20T11:34:00,1524.4,34.0,61.5,0.69,0.134,0,synthetic
2026-08-20T11:35:00,1509.5,35.4,54.7,0.7,0.108,0,synthetic
2026-08-20T11:36:00,1510.1,36.2,61.0,0.65,0.081,0,synthetic
2026-08-20T11:37:00,1476.5,34.5,59.9,0.71,0.141,0,synthetic
2026-08-20T11:38:00,1529.9,35.5,64.3,0.78,0.098,0,synthetic
2026-08-20T11:39:00,1531.9,35.8,61.2,0.74,0.084,0,synthetic
2026-08-20T11:40:00,1506.6,34.8,60.8,0.76,0.118,0,synthetic
2026-08-20T11:41:00,1506.3,35.1,57.5,0.74,0.129,0,synthetic
2026-08-20T11:42:00,1489.4,34.3,58.1,0.67,0.107,0,synthetic
2026-08-20T11:43:00,1499.4,34.9,57.3,0.74,0.102,0,synthetic
2026-08-20T11:44:00,1504.7,35.5,59.6,0.7,0.056,0,synthetic
2026-08-20T11:45:00,1501.0,34.9,61.9,0.73,0.121,0,synthetic
2026-08-20T11:46:00,1494.1,36.4,62.3,0.76,0.106,0,synthetic
2026-08-20T11:47:00,1505.7,34.3,59.9,0.7,0.087,0,synthetic
2026-08-20T11:48:00,1542.5,35.0,57.7,0.76,0.138,0,synthetic
2026-08-20T11:49:00,1474.1,35.7,60.6,0.7,0.082,0,synthetic
2026-08-20T11:50:00,1521.4,35.7,63.4,0.74,0.146,0,synthetic
2026-08-20T11:51:00,1522.9,34.6,58.6,0.69,0.12,0,synthetic
2026-08-20T11:52:00,1483.5,35.9,60.4,0.7,0.141,0,synthetic
2026-08-20T11:53:00,1484.2,34.9,59.7,0.7,0.122,0,synthetic
2026-08-20T11:54:00,1500.7,35.0,59.0,0.72,0.096,0,synthetic
2026-08-20T11:55:00,1514.7,35.9,62.0,0.69,0.094,0,synthetic
2026-08-20T11:56:00,1472.5,35.5,61.3,0.73,0.06,0,synthetic
2026-08-20T11:57:00,1481.0,34.5,60.3,0.69,0.115,0,synthetic
2026-08-20T11:58:00,1511.9,35.6,58.6,0.7,0.095,0,synthetic
2026-08-20T11:59:00,1505.3,35.1,59.5,0.71,0.107,0,synthetic
2026-08-20T12:00:00,1490.1,35.4,60.8,0.71,0.08,0,synthetic
2026-08-20T12:01:00,1477.7,36.0,58.9,0.73,0.104,0,synthetic
2026-08-20T12:02:00,1508.2,36.0,63.6,0.74,0.109,0,synthetic
2026-08-20T12:03:00,1507.3,34.8,61.0,0.72,0.058,0,synthetic
2026-08-20T12:04:00,1492.8,36.5,61.4,0.7,0.107,0,synthetic
2026-08-20T12:05:00,1474.8,34.4,62.1,0.74,0.112,0,synthetic
2026-08-20T12:06:00,1520.6,35.7,57.1,0.75,0.077,0,synthetic
2026-08-20T12:07:00,1501.5,36.0,56.4,0.72,0.097,0,synthetic
2026-08-20T12:08:00,1477.6,35.8,57.4,0.71,0.104,0,synthetic
2026-08-20T12:09:00,1483.0,35.7,62.4,0.79,0.105,0,synthetic
2026-08-20T12:10:00,1510.7,35.7,59.6,0.75,0.124,0,synthetic
2026-08-20T12:11:00,1493.7,35.3,64.9,0.7,0.107,0,synthetic
2026-08-20T12:12:00,1521.3,35.0,58.8,0.76,0.082,0,synthetic
2026-08-20T12:13:00,1506.2,35.9,60.4,0.7,0.127,0,synthetic
2026-08-20T12:14:00,1471.3,34.8,63.9,0.68,0.106,0,synthetic
2026-08-20T12:15:00,1496.8,35.4,63.9,0.82,0.146,0,synthetic
2026-08-20T12:16:00,1519.9,35.5,63.6,0.77,0.067,0,synthetic
2026-08-20T12:17:00,1410.4,44.0,60.1,1.01,0.323,1,synthetic
2026-08-20T12:18:00,1420.0,44.5,62.8,0.93,0.199,1,synthetic
2026-08-20T12:19:00,1385.7,44.3,59.8,0.95,0.274,1,synthetic
2026-08-20T12:20:00,1365.0,44.3,60.6,1.01,0.293,1,synthetic
2026-08-20T12:21:00,1383.6,44.0,57.4,0.85,0.287,1,synthetic
2026-08-20T12:22:00,1369.5,44.6,57.7,1.0,0.33,1,synthetic
2026-08-20T12:23:00,1321.1,44.9,60.0,0.99,0.362,1,synthetic
2026-08-20T12:24:00,1401.3,44.8,59.9,0.98,0.247,1,synthetic
2026-08-20T12:25:00,1390.6,44.4,58.5,0.92,0.332,1,synthetic
2026-08-20T12:26:00,1425.1,44.3,59.6,0.95,0.249,1,synthetic
2026-08-20T12:27:00,1406.5,42.0,61.8,0.87,0.231,1,synthetic
2026-08-20T12:28:00,1384.7,43.8,60.6,0.96,0.238,1,synthetic
2026-08-20T12:29:00,1370.7,44.5,64.3,1.0,0.245,1,synthetic
2026-08-20T12:30:00,1410.5,43.9,57.7,0.96,0.29,1,synthetic
2026-08-20T12:31:00,1378.6,44.2,58.6,0.97,0.288,1,synthetic
2026-08-20T12:32:00,1341.4,44.2,57.7,0.88,0.231,1,synthetic
2026-08-20T12:33:00,1408.0,45.2,57.1,0.98,0.201,1,synthetic
2026-08-20T12:34:00,1355.2,45.2,58.6,1.01,0.246,1,synthetic
2026-08-20T12:35:00,1464.1,35.2,58.8,0.71,0.098,0,synthetic
2026-08-20T12:36:00,1492.0,35.8,62.5,0.73,0.099,0,synthetic
2026-08-20T12:37:00,1523.4,35.4,61.6,0.68,0.11,0,synthetic
2026-08-20T12:38:00,1495.9,35.1,57.2,0.7,0.121,0,synthetic
2026-08-20T12:39:00,1492.0,35.2,63.5,0.76,0.108,0,synthetic
2026-08-20T12:40:00,1487.7,34.9,63.7,0.7,0.12,0,synthetic
2026-08-20T12:41:00,1516.6,35.8,60.0,0.75,0.091,0,synthetic
2026-08-20T12:42:00,1489.5,34.7,59.3,0.73,0.126,0,synthetic
2026-08-20T12:43:00,1497.0,36.0,57.9,0.68,0.112,0,synthetic
2026-08-20T12:44:00,1491.0,34.7,59.0,0.7,0.1,0,synthetic
2026-08-20T12:45:00,1485.4,34.9,63.0,0.73,0.133,0,synthetic
2026-08-20T12:46:00,1472.2,35.5,63.2,0.72,0.078,0,synthetic
2026-08-20T12:47:00,1523.8,35.4,62.9,0.75,0.105,0,synthetic
2026-08-20T12:48:00,1506.0,35.4,59.0,0.73,0.063,0,synthetic
2026-08-20T12:49:00,1510.7,35.5,58.4,0.65,0.097,0,synthetic
2026-08-20T12:50:00,1513.9,34.9,60.0,0.74,0.084,0,synthetic
2026-08-20T12:51:00,1520.0,35.2,56.8,0.76,0.114,0,synthetic
2026-08-20T12:52:00,1488.9,35.1,61.9,0.72,0.133,0,synthetic
2026-08-20T12:53:00,1493.6,35.4,59.1,0.76,0.072,0,synthetic
2026-08-20T12:54:00,1471.7,35.6,57.9,0.73,0.12,0,synthetic
2026-08-20T12:55:00,1498.2,35.6,56.8,0.72,0.111,0,synthetic
2026-08-20T12:56:00,1537.1,34.5,60.8,0.73,0.093,0,synthetic
2026-08-20T12:57:00,1493.3,35.0,59.1,0.75,0.109,0,synthetic
2026-08-20T12:58:00,1513.4,36.0,57.7,0.77,0.118,0,synthetic
2026-08-20T12:59:00,1507.8,35.1,53.6,0.76,0.073,0,synthetic
2026-08-20T13:00:00,1507.6,34.4,59.6,0.76,0.088,0,synthetic
2026-08-20T13:01:00,1518.3,35.5,62.5,0.74,0.109,0,synthetic
2026-08-20T13:02:00,1510.3,35.6,62.9,0.69,0.144,0,synthetic
2026-08-20T13:03:00,1487.8,35.5,59.2,0.72,0.095,0,synthetic
2026-08-20T13:04:00,1485.4,35.6,58.3,0.78,0.101,0,synthetic
2026-08-20T13:05:00,1507.3,36.1,62.0,0.73,0.062,0,synthetic
2026-08-20T13:06:00,1492.1,34.5,58.3,0.69,0.107,0,synthetic
2026-08-20T13:07:00,1503.8,34.9,59.8,0.74,0.129,0,synthetic
2026-08-20T13:08:00,1527.3,34.9,61.7,0.77,0.163,0,synthetic
2026-08-20T13:09:00,1458.4,35.9,61.8,0.74,0.089,0,synthetic
2026-08-20T13:10:00,1466.2,35.7,58.1,0.71,0.06,0,synthetic
2026-08-20T13:11:00,1500.6,36.4,59.9,0.66,0.094,0,synthetic
2026-08-20T13:12:00,1482.7,35.9,57.2,0.72,0.1,0,synthetic
2026-08-20T13:13:00,1511.9,34.8,58.9,0.64,0.087,0,synthetic
2026-08-20T13:14:00,1500.5,35.3,59.5,0.68,0.08,0,synthetic
2026-08-20T13:15:00,1488.4,34.7,60.7,0.71,0.114,0,synthetic
2026-08-20T13:16:00,1543.4,35.4,61.3,0.68,0.063,0,synthetic
2026-08-20T13:17:00,1493.6,35.6,59.0,0.7,0.095,0,synthetic
2026-08-20T13:18:00,1517.2,34.5,62.3,0.68,0.077,0,synthetic
2026-08-20T13:19:00,1519.1,35.0,58.9,0.74,0.096,0,synthetic
2026-08-20T13:20:00,1504.1,35.8,60.7,0.74,0.068,0,synthetic
2026-08-20T13:21:00,1491.7,36.2,58.8,0.74,0.156,0,synthetic
2026-08-20T13:22:00,1485.2,35.4,54.3,0.73,0.109,0,synthetic
2026-08-20T13:23:00,1504.1,36.0,61.6,0.76,0.109,0,synthetic
2026-08-20T13:24:00,1515.0,35.9,60.7,0.73,0.081,0,synthetic
2026-08-20T13:25:00,1487.3,34.8,60.3,0.73,0.106,0,synthetic
2026-08-20T13:26:00,1511.4,35.4,59.8,0.7,0.069,0,synthetic
2026-08-20T13:27:00,1502.3,35.2,60.8,0.71,0.06,0,synthetic
2026-08-20T13:28:00,1512.7,34.8,57.9,0.7,0.134,0,synthetic
2026-08-20T13:29:00,1495.5,35.4,58.6,0.75,0.102,0,synthetic
2026-08-20T13:30:00,1478.0,35.6,62.6,0.76,0.098,0,synthetic
2026-08-20T13:31:00,1479.4,35.7,57.5,0.74,0.088,0,synthetic
2026-08-20T13:32:00,1470.0,36.3,60.5,0.7,0.127,0,synthetic
2026-08-20T13:33:00,1504.9,35.8,57.5,0.71,0.127,0,synthetic
2026-08-20T13:34:00,1522.9,35.9,62.2,0.7,0.131,0,synthetic
2026-08-20T13:35:00,1492.5,34.8,59.1,0.71,0.062,0,synthetic
2026-08-20T13:36:00,1487.8,35.9,57.0,0.72,0.119,0,synthetic
2026-08-20T13:37:00,1478.1,35.1,63.7,0.69,0.136,0,synthetic
2026-08-20T13:38:00,1381.5,46.2,58.4,0.98,0.323,1,synthetic
2026-08-20T13:39:00,1376.4,44.5,58.4,0.98,0.294,1,synthetic
2026-08-20T13:40:00,1411.7,44.8,58.9,1.08,0.295,1,synthetic
2026-08-20T13:41:00,1297.9,43.9,62.5,1.0,0.276,1,synthetic
2026-08-20T13:42:00,1387.9,43.3,59.0,1.05,0.283,1,synthetic
2026-08-20T13:43:00,1382.4,43.9,60.2,1.01,0.261,1,synthetic
2026-08-20T13:44:00,1390.4,43.1,60.4,1.01,0.269,1,synthetic
2026-08-20T13:45:00,1417.8,44.9,60.7,0.96,0.27,1,synthetic
2026-08-20T13:46:00,1336.0,43.9,60.2,0.97,0.261,1,synthetic
2026-08-20T13:47:00,1407.2,46.4,58.9,0.98,0.292,1,synthetic
2026-08-20T13:48:00,1399.7,44.3,57.9,0.95,0.246,1,synthetic
2026-08-20T13:49:00,1402.6,44.8,60.1,1.12,0.251,1,synthetic
2026-08-20T13:50:00,1403.9,42.6,55.5,1.0,0.331,1,synthetic
2026-08-20T13:51:00,1372.6,43.3,54.7,1.05,0.217,1,synthetic
2026-08-20T13:52:00,1398.5,42.7,61.0,0.91,0.241,1,synthetic
2026-08-20T13:53:00,1368.1,45.0,60.7,1.01,0.166,1,synthetic
2026-08-20T13:54:00,1381.0,43.6,55.3,0.95,0.312,1,synthetic
2026-08-20T13:55:00,1409.5,45.1,56.2,1.09,0.261,1,synthetic
2026-08-20T13:56:00,1306.3,44.6,59.9,1.03,0.28,1,synthetic
2026-08-20T13:57:00,1408.2,46.0,64.1,1.09,0.297,1,synthetic
2026-08-20T13:58:00,1468.6,35.6,58.8,0.76,0.088,0,synthetic
2026-08-20T13:59:00,1476.4,36.6,58.5,0.76,0.093,0,synthetic
2026-08-20T14:00:00,1463.2,34.9,59.7,0.75,0.088,0,synthetic
2026-08-20T14:01:00,1469.1,35.2,62.7,0.72,0.144,0,synthetic
2026-08-20T14:02:00,1521.5,35.1,58.9,0.73,0.104,0,synthetic
2026-08-20T14:03:00,1520.7,35.3,57.7,0.69,0.128,0,synthetic
2026-08-20T14:04:00,1520.0,35.0,59.0,0.71,0.115,0,synthetic
2026-08-20T14:05:00,1509.9,35.4,58.8,0.73,0.06,0,synthetic
2026-08-20T14:06:00,1497.4,34.5,58.6,0.7,0.073,0,synthetic
2026-08-20T14:07:00,1498.0,35.2,63.5,0.7,0.081,0,synthetic
2026-08-20T14:08:00,1541.9,35.6,60.0,0.67,0.123,0,synthetic
2026-08-20T14:09:00,1504.1,36.0,60.0,0.71,0.104,0,synthetic
2026-08-20T14:10:00,1510.2,35.6,60.4,0.71,0.07,0,synthetic
2026-08-20T14:11:00,1469.5,34.4,56.2,0.69,0.103,0,synthetic
2026-08-20T14:12:00,1491.5,34.7,60.7,0.68,0.081,0,synthetic
2026-08-20T14:13:00,1468.0,35.9,59.5,0.7,0.115,0,synthetic
2026-08-20T14:14:00,1500.9,35.5,59.3,0.67,0.11,0,synthetic
2026-08-20T14:15:00,1520.1,34.9,66.1,0.69,0.123,0,synthetic
2026-08-20T14:16:00,1499.6,35.8,60.0,0.72,0.124,0,synthetic
2026-08-20T14:17:00,1520.7,35.9,58.2,0.7,0.118,0,synthetic
2026-08-20T14:18:00,1513.6,35.9,59.5,0.69,0.115,0,synthetic
2026-08-20T14:19:00,1487.1,34.6,62.0,0.67,0.11,0,synthetic
2026-08-20T14:20:00,1518.8,36.7,59.7,0.73,0.139,0,synthetic
2026-08-20T14:21:00,1500.5,36.0,56.7,0.72,0.068,0,synthetic
2026-08-20T14:22:00,1459.3,34.8,62.2,0.72,0.095,0,synthetic
2026-08-20T14:23:00,1514.3,36.1,59.2,0.73,0.094,0,synthetic
2026-08-20T14:24:00,1506.1,36.0,63.3,0.7,0.106,0,synthetic
2026-08-20T14:25:00,1542.0,35.8,62.3,0.7,0.101,0,synthetic
2026-08-20T14:26:00,1465.2,34.9,59.9,0.7,0.078,0,synthetic
2026-08-20T14:27:00,1512.9,35.5,61.9,0.65,0.141,0,synthetic
2026-08-20T14:28:00,1503.1,36.0,59.6,0.73,0.087,0,synthetic
2026-08-20T14:29:00,1491.9,34.5,62.2,0.7,0.071,0,synthetic
2026-08-20T14:30:00,1510.3,34.7,61.6,0.74,0.106,0,synthetic
2026-08-20T14:31:00,1472.8,34.6,59.1,0.69,0.081,0,synthetic
2026-08-20T14:32:00,1509.7,35.5,58.6,0.75,0.082,0,synthetic
2026-08-20T14:33:00,1516.9,35.9,62.8,0.72,0.092,0,synthetic
2026-08-20T14:34:00,1486.6,35.4,59.5,0.72,0.079,0,synthetic
2026-08-20T14:35:00,1512.2,35.3,57.4,0.73,0.061,0,synthetic
2026-08-20T14:36:00,1527.4,36.3,57.4,0.69,0.125,0,synthetic
2026-08-20T14:37:00,1477.3,34.8,60.5,0.73,0.083,0,synthetic
2026-08-20T14:38:00,1464.4,34.1,63.7,0.65,0.105,0,synthetic
2026-08-20T14:39:00,1513.9,35.4,58.3,0.76,0.095,0,synthetic
2026-08-20T14:40:00,1472.9,35.8,58.5,0.73,0.111,0,synthetic
2026-08-20T14:41:00,1484.8,35.4,64.0,0.69,0.102,0,synthetic
2026-08-20T14:42:00,1490.1,34.4,60.9,0.71,0.123,0,synthetic
2026-08-20T14:43:00,1505.8,34.7,61.4,0.69,0.073,0,synthetic
2026-08-20T14:44:00,1523.8,35.3,57.4,0.78,0.117,0,synthetic
2026-08-20T14:45:00,1476.9,35.8,61.2,0.75,0.108,0,synthetic
2026-08-20T14:46:00,1506.5,35.9,60.3,0.76,0.126,0,synthetic
2026-08-20T14:47:00,1510.3,34.4,62.8,0.71,0.115,0,synthetic
2026-08-20T14:48:00,1348.2,44.6,62.3,1.0,0.246,1,synthetic
2026-08-20T14:49:00,1334.2,44.5,65.2,1.01,0.257,1,synthetic
2026-08-20T14:50:00,1403.8,43.7,62.0,0.92,0.256,1,synthetic
2026-08-20T14:51:00,1448.7,43.2,59.5,0.93,0.323,1,synthetic
2026-08-20T14:52:00,1356.4,43.5,60.2,0.9,0.217,1,synthetic
2026-08-20T14:53:00,1403.3,45.3,59.2,1.02,0.291,1,synthetic
2026-08-20T14:54:00,1348.5,44.0,60.5,1.04,0.256,1,synthetic
2026-08-20T14:55:00,1358.1,44.0,58.5,0.95,0.294,1,synthetic
2026-08-20T14:56:00,1372.9,46.0,61.5,1.04,0.3,1,synthetic
2026-08-20T14:57:00,1430.1,43.2,62.1,0.9,0.311,1,synthetic
2026-08-20T14:58:00,1395.9,44.0,58.7,1.04,0.3,1,synthetic
2026-08-20T14:59:00,1367.7,43.7,63.0,0.99,0.268,1,synthetic
2026-08-20T15:00:00,1353.6,45.8,63.0,1.1,0.207,1,synthetic
2026-08-20T15:01:00,1410.5,44.6,59.5,0.97,0.278,1,synthetic
2026-08-20T15:02:00,1438.8,43.8,55.7,1.03,0.315,1,synthetic
2026-08-20T15:03:00,1379.5,43.7,59.4,0.92,0.294,1,synthetic
2026-08-20T15:04:00,1352.5,45.2,63.4,1.08,0.244,1,synthetic
2026-08-20T15:05:00,1370.0,45.5,60.0,1.03,0.231,1,synthetic
2026-08-20T15:06:00,1369.1,44.2,57.3,0.96,0.312,1,synthetic
2026-08-20T15:07:00,1382.2,43.9,59.8,0.91,0.353,1,synthetic
2026-08-20T15:08:00,1397.3,44.2,61.5,0.92,0.28,1,synthetic
2026-08-20T15:09:00,1431.8,44.2,60.0,1.04,0.317,1,synthetic
2026-08-20T15:10:00,1368.5,43.0,59.5,0.99,0.302,1,synthetic
2026-08-20T15:11:00,1395.5,43.3,60.6,0.96,0.332,1,synthetic
2026-08-20T15:12:00,1382.4,44.8,58.1,1.04,0.345,1,synthetic
2026-08-20T15:13:00,1381.1,45.3,57.3,0.96,0.3,1,synthetic
2026-08-20T15:14:00,1501.4,35.8,63.3,0.66,0.129,0,synthetic
2026-08-20T15:15:00,1493.8,35.4,59.3,0.75,0.043,0,synthetic
2026-08-20T15:16:00,1490.9,36.1,62.7,0.77,0.082,0,synthetic
2026-08-20T15:17:00,1525.2,35.8,63.4,0.7,0.085,0,synthetic
2026-08-20T15:18:00,1469.1,37.1,61.5,0.7,0.108,0,synthetic
2026-08-20T15:19:00,1441.7,35.4,56.9,0.74,0.076,0,synthetic
2026-08-20T15:20:00,1516.3,35.7,61.3,0.72,0.095,0,synthetic
2026-08-20T15:21:00,1532.3,34.3,59.8,0.68,0.099,0,synthetic
2026-08-20T15:22:00,1495.0,34.8,58.8,0.74,0.101,0,synthetic
2026-08-20T15:23:00,1543.1,35.5,60.0,0.71,0.081,0,synthetic
2026-08-20T15:24:00,1529.6,34.8,58.2,0.71,0.089,0,synthetic
2026-08-20T15:25:00,1496.8,34.3,62.4,0.7,0.133,0,synthetic
2026-08-20T15:26:00,1513.0,34.5,59.7,0.67,0.11,0,synthetic
2026-08-20T15:27:00,1480.7,35.2,60.6,0.74,0.122,0,synthetic
2026-08-20T15:28:00,1495.4,35.9,59.7,0.7,0.129,0,synthetic
2026-08-20T15:29:00,1513.3,35.3,59.1,0.7,0.081,0,synthetic
2026-08-20T15:30:00,1498.3,35.6,61.0,0.73,0.119,0,synthetic
2026-08-20T15:31:00,1496.0,36.2,58.7,0.74,0.125,0,synthetic
2026-08-20T15:32:00,1480.1,35.4,62.2,0.68,0.113,0,synthetic
2026-08-20T15:33:00,1497.4,35.4,57.3,0.76,0.09,0,synthetic
2026-08-20T15:34:00,1487.8,36.3,60.3,0.74,0.108,0,synthetic
2026-08-20T15:35:00,1499.2,36.2,64.0,0.79,0.124,0,synthetic
2026-08-20T15:36:00,1520.1,34.8,57.9,0.74,0.101,0,synthetic
2026-08-20T15:37:00,1436.6,35.8,58.7,0.73,0.09,0,synthetic
2026-08-20T15:38:00,1476.2,35.1,61.3,0.72,0.079,0,synthetic
2026-08-20T15:39:00,1519.2,34.2,60.9,0.7,0.101,0,synthetic
2026-08-20T15:40:00,1510.4,36.0,62.0,0.73,0.1,0,synthetic
2026-08-20T15:41:00,1494.3,36.1,61.1,0.72,0.078,0,synthetic
2026-08-20T15:42:00,1522.1,34.5,60.8,0.71,0.095,0,synthetic
2026-08-20T15:43:00,1505.9,35.3,62.8,0.68,0.126,0,synthetic
2026-08-20T15:44:00,1474.6,35.3,60.0,0.74,0.113,0,synthetic
2026-08-20T15:45:00,1505.0,35.3,60.2,0.68,0.095,0,synthetic
2026-08-20T15:46:00,1500.3,35.0,59.5,0.69,0.113,0,synthetic
2026-08-20T15:47:00,1515.7,34.6,61.3,0.72,0.124,0,synthetic
2026-08-20T15:48:00,1505.6,35.1,61.9,0.73,0.066,0,synthetic
2026-08-20T15:49:00,1493.9,34.4,57.9,0.74,0.087,0,synthetic
2026-08-20T15:50:00,1494.7,35.5,62.1,0.71,0.098,0,synthetic
2026-08-20T15:51:00,1474.7,34.8,60.4,0.73,0.061,0,synthetic
2026-08-20T15:52:00,1510.1,35.0,55.4,0.72,0.072,0,synthetic
2026-08-20T15:53:00,1468.1,35.3,61.4,0.7,0.113,0,synthetic
2026-08-20T15:54:00,1515.1,34.6,59.2,0.66,0.113,0,synthetic
2026-08-20T15:55:00,1495.0,36.1,59.6,0.76,0.083,0,synthetic
2026-08-20T15:56:00,1496.8,35.6,60.6,0.71,0.083,0,synthetic
2026-08-20T15:57:00,1504.8,35.2,59.5,0.72,0.116,0,synthetic
2026-08-20T15:58:00,1517.4,35.5,59.9,0.68,0.112,0,synthetic
2026-08-20T15:59:00,1501.9,36.1,58.6,0.71,0.085,0,synthetic
2026-08-20T16:00:00,1483.9,34.5,62.0,0.72,0.114,0,synthetic
2026-08-20T16:01:00,1510.6,35.2,59.9,0.65,0.089,0,synthetic
2026-08-20T16:02:00,1447.5,35.4,62.4,0.8,0.111,0,synthetic
2026-08-20T16:03:00,1546.9,35.8,61.1,0.75,0.119,0,synthetic
2026-08-20T16:04:00,1490.5,34.5,58.1,0.7,0.086,0,synthetic
2026-08-20T16:05:00,1466.3,34.5,61.8,0.73,0.099,0,synthetic
2026-08-20T16:06:00,1561.5,34.8,58.4,0.76,0.075,0,synthetic
2026-08-20T16:07:00,1479.7,35.0,62.4,0.68,0.109,0,synthetic
2026-08-20T16:08:00,1519.9,35.8,61.2,0.76,0.083,0,synthetic
2026-08-20T16:09:00,1490.5,34.9,64.2,0.7,0.132,0,synthetic
2026-08-20T16:10:00,1361.2,44.1,58.5,0.91,0.257,1,synthetic
2026-08-20T16:11:00,1389.7,43.2,59.9,0.88,0.235,1,synthetic
2026-08-20T16:12:00,1376.3,43.7,60.6,0.92,0.239,1,synthetic
2026-08-20T16:13:00,1422.5,43.7,58.6,0.95,0.234,1,synthetic
2026-08-20T16:14:00,1371.9,44.7,60.3,1.06,0.313,1,synthetic
2026-08-20T16:15:00,1397.4,45.6,58.1,1.04,0.265,1,synthetic
2026-08-20T16:16:00,1448.2,44.9,58.3,1.0,0.303,1,synthetic
2026-08-20T16:17:00,1372.5,43.2,57.7,0.95,0.29,1,synthetic
2026-08-20T16:18:00,1428.4,44.6,61.4,0.85,0.341,1,synthetic
2026-08-20T16:19:00,1409.0,44.7,62.0,0.98,0.329,1,synthetic
2026-08-20T16:20:00,1410.6,44.3,61.5,0.97,0.283,1,synthetic
2026-08-20T16:21:00,1426.4,43.3,60.1,0.94,0.227,1,synthetic
2026-08-20T16:22:00,1398.4,45.7,60.5,1.06,0.312,1,synthetic
2026-08-20T16:23:00,1341.4,45.0,62.8,0.97,0.322,1,synthetic
2026-08-20T16:24:00,1378.8,42.9,57.5,0.92,0.275,1,synthetic
2026-08-20T16:25:00,1381.8,43.4,61.9,0.92,0.325,1,synthetic
2026-08-20T16:26:00,1443.5,43.4,60.5,0.98,0.24,1,synthetic
2026-08-20T16:27:00,1341.9,45.1,58.8,1.06,0.285,1,synthetic
2026-08-20T16:28:00,1348.1,44.8,60.9,1.03,0.291,1,synthetic
2026-08-20T16:29:00,1447.3,44.1,64.4,0.97,0.283,1,synthetic
2026-08-20T16:30:00,1316.5,45.0,53.9,1.02,0.275,1,synthetic
2026-08-20T16:31:00,1388.3,45.1,60.5,1.02,0.405,1,synthetic
2026-08-20T16:32:00,1375.2,44.6,59.4,0.95,0.208,1,synthetic
2026-08-20T16:33:00,1345.4,44.5,56.2,1.04,0.3,1,synthetic
2026-08-20T16:34:00,1532.0,35.6,61.1,0.74,0.1,0,synthetic
2026-08-20T16:35:00,1489.8,35.0,63.1,0.66,0.141,0,synthetic
2026-08-20T16:36:00,1498.8,34.6,61.5,0.7,0.096,0,synthetic
2026-08-20T16:37:00,1475.3,35.4,61.9,0.69,0.091,0,synthetic
2026-08-20T16:38:00,1475.3,35.9,63.8,0.76,0.115,0,synthetic
2026-08-20T16:39:00,1547.9,35.9,62.9,0.79,0.086,0,synthetic
2026-08-20T16:40:00,1510.0,35.1,63.9,0.67,0.097,0,synthetic
2026-08-20T16:41:00,1521.4,36.5,61.3,0.66,0.1,0,synthetic
2026-08-20T16:42:00,1514.6,35.8,59.2,0.73,0.107,0,synthetic
2026-08-20T16:43:00,1477.6,35.3,56.5,0.74,0.1,0,synthetic
2026-08-20T16:44:00,1493.9,35.7,60.1,0.75,0.093,0,synthetic
2026-08-20T16:45:00,1495.9,35.2,58.5,0.72,0.132,0,synthetic
2026-08-20T16:46:00,1476.4,33.9,64.5,0.71,0.112,0,synthetic
2026-08-20T16:47:00,1502.0,35.0,60.8,0.72,0.121,0,synthetic
2026-08-20T16:48:00,1480.1,34.1,61.0,0.72,0.102,0,synthetic
2026-08-20T16:49:00,1546.5,35.2,60.5,0.72,0.11,0,synthetic
2026-08-20T16:50:00,1463.6,35.8,60.0,0.7,0.072,0,synthetic
2026-08-20T16:51:00,1493.1,36.1,63.4,0.75,0.078,0,synthetic
2026-08-20T16:52:00,1520.6,35.6,59.1,0.74,0.105,0,synthetic
2026-08-20T16:53:00,1504.0,34.8,60.5,0.69,0.101,0,synthetic
2026-08-20T16:54:00,1490.4,35.7,58.4,0.8,0.099,0,synthetic
2026-08-20T16:55:00,1510.4,34.0,58.0,0.77,0.088,0,synthetic
2026-08-20T16:56:00,1472.4,35.4,59.3,0.71,0.095,0,synthetic
2026-08-20T16:57:00,1486.3,35.8,60.0,0.71,0.1,0,synthetic
2026-08-20T16:58:00,1508.7,34.9,57.9,0.75,0.108,0,synthetic
2026-08-20T16:59:00,1501.0,35.8,58.1,0.73,0.115,0,synthetic
2026-08-20T17:00:00,1488.5,35.5,57.9,0.74,0.121,0,synthetic
2026-08-20T17:01:00,1502.5,35.4,60.1,0.72,0.096,0,synthetic
2026-08-20T17:02:00,1545.5,35.4,56.3,0.69,0.11,0,synthetic
2026-08-20T17:03:00,1499.8,36.5,60.6,0.72,0.158,0,synthetic
2026-08-20T17:04:00,1505.5,35.2,60.8,0.66,0.098,0,synthetic
2026-08-20T17:05:00,1519.5,35.2,56.2,0.7,0.097,0,synthetic
2026-08-20T17:06:00,1506.2,34.7,59.8,0.68,0.092,0,synthetic
2026-08-20T17:07:00,1536.0,34.8,58.5,0.68,0.063,0,synthetic
2026-08-20T17:08:00,1504.4,35.9,61.5,0.71,0.096,0,synthetic
2026-08-20T17:09:00,1460.9,34.6,64.1,0.71,0.104,0,synthetic
2026-08-20T17:10:00,1487.3,35.2,54.8,0.72,0.111,0,synthetic
2026-08-20T17:11:00,1491.4,35.0,61.0,0.75,0.093,0,synthetic
2026-08-20T17:12:00,1493.4,35.8,61.6,0.7,0.103,0,synthetic
2026-08-20T17:13:00,1516.5,35.4,61.4,0.75,0.09,0,synthetic
2026-08-20T17:14:00,1502.1,35.9,60.7,0.69,0.096,0,synthetic
2026-08-20T17:15:00,1510.1,35.0,57.5,0.73,0.09,0,synthetic
2026-08-20T17:16:00,1535.7,35.0,61.7,0.72,0.096,0,synthetic
2026-08-20T17:17:00,1478.5,35.0,59.2,0.71,0.108,0,synthetic
2026-08-20T17:18:00,1536.2,35.1,62.4,0.74,0.079,0,synthetic
2026-08-20T17:19:00,1541.4,35.5,60.7,0.68,0.124,0,synthetic
2026-08-20T17:20:00,1498.0,35.9,64.6,0.69,0.115,0,synthetic
2026-08-20T17:21:00,1499.7,35.1,60.2,0.7,0.069,0,synthetic
2026-08-20T17:22:00,1480.7,35.3,57.9,0.7,0.091,0,synthetic
2026-08-20T17:23:00,1477.3,35.5,58.6,0.71,0.085,0,synthetic
2026-08-20T17:24:00,1525.1,35.6,57.3,0.7,0.105,0,synthetic
2026-08-20T17:25:00,1483.6,36.0,57.4,0.75,0.089,0,synthetic
2026-08-20T17:26:00,1525.8,35.5,60.2,0.8,0.076,0,synthetic
2026-08-20T17:27:00,1515.7,34.3,61.1,0.68,0.075,0,synthetic
2026-08-20T17:28:00,1487.2,34.7,58.1,0.74,0.121,0,synthetic
2026-08-20T17:29:00,1508.3,35.8,62.5,0.68,0.127,0,synthetic
2026-08-20T17:30:00,1531.5,35.5,60.1,0.73,0.07,0,synthetic
2026-08-20T17:31:00,1496.6,35.6,60.5,0.72,0.115,0,synthetic
2026-08-20T17:32:00,1495.8,35.6,63.0,0.71,0.117,0,synthetic
2026-08-20T17:33:00,1521.6,34.6,61.0,0.72,0.083,0,synthetic
2026-08-20T17:34:00,1494.6,36.8,58.9,0.76,0.084,0,synthetic
2026-08-20T17:35:00,1494.8,35.2,58.6,0.67,0.096,0,synthetic
2026-08-20T17:36:00,1504.5,35.4,55.9,0.68,0.122,0,synthetic
2026-08-20T17:37:00,1499.8,35.8,57.2,0.7,0.104,0,synthetic
2026-08-20T17:38:00,1489.2,35.9,59.0,0.71,0.105,0,synthetic
2026-08-20T17:39:00,1490.0,35.3,58.6,0.7,0.084,0,synthetic
2026-08-20T17:40:00,1478.9,34.9,59.5,0.73,0.066,0,synthetic
2026-08-20T17:41:00,1533.5,35.0,60.2,0.71,0.056,0,synthetic
2026-08-20T17:42:00,1512.3,36.7,59.1,0.73,0.103,0,synthetic
2026-08-20T17:43:00,1517.9,35.3,58.5,0.67,0.082,0,synthetic
2026-08-20T17:44:00,1499.1,35.9,60.2,0.72,0.101,0,synthetic
2026-08-20T17:45:00,1470.1,35.1,62.2,0.76,0.094,0,synthetic
2026-08-20T17:46:00,1475.2,34.7,58.2,0.69,0.078,0,synthetic
2026-08-20T17:47:00,1514.8,35.8,62.4,0.8,0.055,0,synthetic
2026-08-20T17:48:00,1488.3,35.8,60.5,0.7,0.082,0,synthetic
2026-08-20T17:49:00,1500.5,35.7,58.3,0.76,0.07,0,synthetic
2026-08-20T17:50:00,1486.0,34.6,60.3,0.72,0.102,0,synthetic
2026-08-20T17:51:00,1516.1,35.6,60.7,0.73,0.115,0,synthetic
2026-08-20T17:52:00,1476.2,35.3,61.2,0.71,0.111,0,synthetic
2026-08-20T17:53:00,1500.1,34.9,61.5,0.67,0.123,0,synthetic
2026-08-20T17:54:00,1489.5,35.1,58.2,0.7,0.085,0,synthetic
2026-08-20T17:55:00,1512.9,34.3,59.8,0.71,0.06,0,synthetic
2026-08-20T17:56:00,1500.7,35.6,57.6,0.68,0.119,0,synthetic
2026-08-20T17:57:00,1513.1,35.3,58.8,0.75,0.1,0,synthetic
2026-08-20T17:58:00,1486.3,34.6,60.5,0.7,0.102,0,synthetic
2026-08-20T17:59:00,1487.7,34.8,59.5,0.72,0.124,0,synthetic
2026-08-20T18:00:00,1488.0,35.0,60.3,0.7,0.083,0,synthetic
2026-08-20T18:01:00,1495.6,36.1,55.1,0.68,0.135,0,synthetic
2026-08-20T18:02:00,1491.2,34.9,59.7,0.72,0.134,0,synthetic
2026-08-20T18:03:00,1528.0,34.2,60.0,0.7,0.094,0,synthetic
2026-08-20T18:04:00,1499.3,35.1,58.7,0.74,0.122,0,synthetic
2026-08-20T18:05:00,1499.6,35.2,58.0,0.73,0.105,0,synthetic
2026-08-20T18:06:00,1530.3,33.9,62.4,0.73,0.093,0,synthetic
2026-08-20T18:07:00,1532.7,35.2,59.1,0.71,0.1,0,synthetic
2026-08-20T18:08:00,1539.2,35.3,60.0,0.73,0.102,0,synthetic
2026-08-20T18:09:00,1514.9,35.5,60.5,0.72,0.109,0,synthetic
2026-08-20T18:10:00,1491.8,37.1,59.1,0.75,0.092,0,synthetic
2026-08-20T18:11:00,1474.5,35.3,64.8,0.72,0.087,0,synthetic
2026-08-20T18:12:00,1514.1,34.9,57.2,0.74,0.103,0,synthetic
2026-08-20T18:13:00,1516.8,34.6,61.7,0.69,0.049,0,synthetic
2026-08-20T18:14:00,1502.7,36.8,63.0,0.74,0.113,0,synthetic
2026-08-20T18:15:00,1469.6,35.1,57.5,0.74,0.113,0,synthetic
2026-08-20T18:16:00,1485.1,35.1,62.1,0.7,0.115,0,synthetic
2026-08-20T18:17:00,1487.8,35.4,59.4,0.75,0.1,0,synthetic
2026-08-20T18:18:00,1525.8,35.5,60.4,0.7,0.126,0,synthetic
2026-08-20T18:19:00,1550.0,34.8,61.3,0.69,0.093,0,synthetic
2026-08-20T18:20:00,1533.8,35.2,59.4,0.77,0.124,0,synthetic
2026-08-20T18:21:00,1466.6,35.2,62.7,0.78,0.109,0,synthetic
2026-08-20T18:22:00,1480.5,35.6,61.5,0.73,0.097,0,synthetic
2026-08-20T18:23:00,1471.0,35.1,57.1,0.72,0.121,0,synthetic
2026-08-20T18:24:00,1479.1,35.2,62.6,0.72,0.088,0,synthetic
2026-08-20T18:25:00,1513.8,35.6,55.9,0.75,0.114,0,synthetic
2026-08-20T18:26:00,1499.9,35.1,61.3,0.7,0.093,0,synthetic
2026-08-20T18:27:00,1460.9,35.6,62.3,0.7,0.104,0,synthetic
2026-08-20T18:28:00,1538.0,34.3,58.8,0.75,0.133,0,synthetic
2026-08-20T18:29:00,1485.5,36.2,60.4,0.7,0.045,0,synthetic
2026-08-20T18:30:00,1488.9,36.1,58.7,0.71,0.085,0,synthetic
2026-08-20T18:31:00,1465.1,34.4,59.9,0.73,0.094,0,synthetic
2026-08-20T18:32:00,1496.2,35.5,59.7,0.72,0.096,0,synthetic
2026-08-20T18:33:00,1504.4,35.3,61.6,0.68,0.092,0,synthetic
2026-08-20T18:34:00,1513.2,34.9,62.2,0.77,0.121,0,synthetic
2026-08-20T18:35:00,1300.6,44.1,62.6,0.97,0.267,1,synthetic
2026-08-20T18:36:00,1378.8,43.3,60.6,0.87,0.242,1,synthetic
2026-08-20T18:37:00,1386.6,44.9,59.9,1.0,0.318,1,synthetic
2026-08-20T18:38:00,1364.1,45.4,55.9,1.03,0.286,1,synthetic
2026-08-20T18:39:00,1414.7,45.7,58.6,1.11,0.24,1,synthetic
2026-08-20T18:40:00,1417.5,45.3,62.7,0.95,0.167,1,synthetic
2026-08-20T18:41:00,1329.0,44.4,64.2,0.94,0.343,1,synthetic
2026-08-20T18:42:00,1383.8,44.8,56.7,0.98,0.275,1,synthetic
2026-08-20T18:43:00,1361.8,45.9,58.1,1.04,0.278,1,synthetic
2026-08-20T18:44:00,1388.1,42.5,59.5,0.92,0.28,1,synthetic
2026-08-20T18:45:00,1339.7,44.0,61.9,1.02,0.309,1,synthetic
2026-08-20T18:46:00,1477.4,46.0,57.1,0.98,0.254,1,synthetic
2026-08-20T18:47:00,1390.7,44.5,60.3,0.99,0.334,1,synthetic
2026-08-20T18:48:00,1356.7,44.6,58.5,0.96,0.24,1,synthetic
2026-08-20T18:49:00,1337.7,44.3,59.8,1.06,0.26,1,synthetic
2026-08-20T18:50:00,1392.4,42.8,62.8,0.88,0.293,1,synthetic
2026-08-20T18:51:00,1408.3,44.7,60.6,0.96,0.25,1,synthetic
2026-08-20T18:52:00,1389.1,43.4,58.8,0.97,0.282,1,synthetic
2026-08-20T18:53:00,1317.0,44.6,61.7,1.04,0.292,1,synthetic
2026-08-20T18:54:00,1393.0,44.5,60.2,0.92,0.314,1,synthetic
2026-08-20T18:55:00,1375.1,44.7,57.4,1.01,0.27,1,synthetic
2026-08-20T18:56:00,1374.8,44.9,59.0,1.08,0.249,1,synthetic
2026-08-20T18:57:00,1347.5,42.9,63.1,0.85,0.271,1,synthetic
2026-08-20T18:58:00,1384.9,44.7,60.5,0.98,0.321,1,synthetic
2026-08-20T18:59:00,1380.2,44.1,59.5,1.01,0.336,1,synthetic
2026-08-20T19:00:00,1401.8,42.8,59.6,0.92,0.281,1,synthetic
2026-08-20T19:01:00,1049.3,59.0,58.2,1.4,0.566,2,synthetic
2026-08-20T19:02:00,1016.4,55.8,62.1,1.3,0.661,2,synthetic
2026-08-20T19:03:00,936.6,58.5,61.8,1.52,0.523,2,synthetic
2026-08-20T19:04:00,1022.4,57.4,59.9,1.51,0.471,2,synthetic
2026-08-20T19:05:00,994.5,60.3,58.9,1.53,0.544,2,synthetic
2026-08-20T19:06:00,1171.1,57.3,57.2,1.43,0.606,2,synthetic
2026-08-20T19:07:00,915.8,60.4,58.6,1.5,0.522,2,synthetic
2026-08-20T19:08:00,921.4,59.2,57.4,1.37,0.587,2,synthetic
2026-08-20T19:09:00,1067.3,58.0,60.4,1.44,0.705,2,synthetic
2026-08-20T19:10:00,890.0,56.2,63.1,1.15,0.574,2,synthetic
2026-08-20T19:11:00,1011.5,63.2,63.7,1.82,0.529,2,synthetic
2026-08-20T19:12:00,1043.6,60.3,62.7,1.42,0.517,2,synthetic
2026-08-20T19:13:00,1030.9,59.1,60.7,1.17,0.521,2,synthetic
2026-08-20T19:14:00,1108.3,59.9,53.5,1.62,0.568,2,synthetic
2026-08-20T19:15:00,1074.7,57.3,58.6,1.35,0.564,2,synthetic
2026-08-20T19:16:00,1022.7,60.6,57.7,1.48,0.461,2,synthetic
2026-08-20T19:17:00,886.0,59.1,60.4,1.44,0.553,2,synthetic
2026-08-20T19:18:00,1001.1,59.5,59.9,1.44,0.462,2,synthetic
2026-08-20T19:19:00,1491.6,34.8,58.6,0.66,0.129,0,synthetic
2026-08-20T19:20:00,1507.2,34.8,56.6,0.68,0.07,0,synthetic
2026-08-20T19:21:00,1489.1,34.6,61.0,0.81,0.08,0,synthetic
2026-08-20T19:22:00,1504.9,34.4,56.7,0.71,0.112,0,synthetic
2026-08-20T19:23:00,1464.0,35.4,60.0,0.65,0.09,0,synthetic
2026-08-20T19:24:00,1524.9,35.1,63.7,0.76,0.093,0,synthetic
2026-08-20T19:25:00,1488.0,35.0,57.9,0.7,0.086,0,synthetic
2026-08-20T19:26:00,1487.3,35.1,56.0,0.73,0.107,0,synthetic
2026-08-20T19:27:00,1480.4,35.1,59.7,0.67,0.108,0,synthetic
2026-08-20T19:28:00,1451.9,34.8,61.0,0.76,0.113,0,synthetic
2026-08-20T19:29:00,1533.4,34.2,63.6,0.7,0.083,0,synthetic
2026-08-20T19:30:00,1495.4,35.1,57.9,0.74,0.072,0,synthetic
2026-08-20T19:31:00,1520.1,34.7,61.9,0.67,0.122,0,synthetic
2026-08-20T19:32:00,1498.6,35.6,58.4,0.64,0.097,0,synthetic
2026-08-20T19:33:00,1492.2,35.0,59.1,0.71,0.042,0,synthetic
2026-08-20T19:34:00,1510.1,36.0,65.1,0.72,0.125,0,synthetic
2026-08-20T19:35:00,1482.1,35.9,56.1,0.74,0.063,0,synthetic
2026-08-20T19:36:00,1525.0,35.6,59.1,0.72,0.113,0,synthetic
2026-08-20T19:37:00,1482.8,36.3,61.3,0.74,0.103,0,synthetic
2026-08-20T19:38:00,1480.7,35.4,63.5,0.7,0.102,0,synthetic
2026-08-20T19:39:00,1508.8,36.4,62.0,0.76,0.068,0,synthetic
2026-08-20T19:40:00,1473.6,34.1,61.0,0.74,0.1,0,synthetic
2026-08-20T19:41:00,1516.7,34.2,58.0,0.7,0.123,0,synthetic
2026-08-20T19:42:00,1502.7,35.3,61.0,0.72,0.086,0,synthetic
2026-08-20T19:43:00,1517.2,35.2,61.0,0.72,0.112,0,synthetic
2026-08-20T19:44:00,1483.7,35.5,62.3,0.78,0.101,0,synthetic
2026-08-20T19:45:00,1502.5,35.2,58.8,0.75,0.124,0,synthetic
2026-08-20T19:46:00,1519.5,34.8,61.1,0.72,0.114,0,synthetic
2026-08-20T19:47:00,1487.2,35.3,60.3,0.77,0.112,0,synthetic
2026-08-20T19:48:00,1480.0,35.4,63.5,0.77,0.14,0,synthetic
2026-08-20T19:49:00,1488.6,34.7,59.6,0.7,0.101,0,synthetic
2026-08-20T19:50:00,1510.8,35.1,57.1,0.73,0.08,0,synthetic
2026-08-20T19:51:00,1396.0,44.4,61.4,1.05,0.231,1,synthetic
2026-08-20T19:52:00,1351.0,43.3,58.0,0.94,0.242,1,synthetic
2026-08-20T19:53:00,1419.3,45.4,57.9,0.96,0.217,1,synthetic
2026-08-20T19:54:00,1387.9,44.7,59.3,1.01,0.288,1,synthetic
2026-08-20T19:55:00,1359.9,46.5,63.7,1.11,0.288,1,synthetic
2026-08-20T19:56:00,1398.7,44.6,55.4,1.0,0.38,1,synthetic
2026-08-20T19:57:00,1394.1,43.7,65.7,1.04,0.22,1,synthetic
2026-08-20T19:58:00,1332.8,43.2,60.7,0.95,0.3,1,synthetic
2026-08-20T19:59:00,1392.4,45.6,61.3,1.03,0.212,1,synthetic
2026-08-20T20:00:00,1423.4,44.4,60.0,1.05,0.368,1,synthetic
2026-08-20T20:01:00,1375.4,43.6,59.7,0.98,0.341,1,synthetic
2026-08-20T20:02:00,1438.2,46.6,61.4,1.04,0.265,1,synthetic
2026-08-20T20:03:00,1442.5,45.9,61.9,0.98,0.321,1,synthetic
2026-08-20T20:04:00,1391.7,46.7,61.3,1.02,0.265,1,synthetic
2026-08-20T20:05:00,1380.4,44.2,59.7,0.93,0.324,1,synthetic
2026-08-20T20:06:00,1410.2,44.0,61.3,0.89,0.287,1,synthetic
2026-08-20T20:07:00,1363.0,43.9,61.0,0.9,0.244,1,synthetic
2026-08-20T20:08:00,1444.2,44.3,59.5,1.0,0.329,1,synthetic
2026-08-20T20:09:00,1378.3,45.3,62.2,0.96,0.218,1,synthetic
2026-08-20T20:10:00,1416.1,44.2,61.3,0.99,0.273,1,synthetic
2026-08-20T20:11:00,1415.8,43.7,53.4,0.91,0.283,1,synthetic
2026-08-20T20:12:00,1488.2,35.8,60.6,0.73,0.077,0,synthetic
2026-08-20T20:13:00,1521.3,36.3,59.8,0.79,0.083,0,synthetic
2026-08-20T20:14:00,1520.8,35.3,59.8,0.68,0.11,0,synthetic
2026-08-20T20:15:00,1479.4,34.9,58.9,0.74,0.083,0,synthetic
2026-08-20T20:16:00,1497.7,35.1,63.5,0.72,0.085,0,synthetic
2026-08-20T20:17:00,1484.4,35.2,60.7,0.76,0.13,0,synthetic
2026-08-20T20:18:00,1506.0,35.3,57.8,0.7,0.137,0,synthetic
2026-08-20T20:19:00,1477.1,35.8,61.6,0.75,0.089,0,synthetic
2026-08-20T20:20:00,1490.3,35.7,58.5,0.72,0.1,0,synthetic
2026-08-20T20:21:00,1495.6,34.3,57.4,0.72,0.093,0,synthetic
2026-08-20T20:22:00,1537.8,35.2,59.3,0.69,0.085,0,synthetic
2026-08-20T20:23:00,1509.0,35.7,60.5,0.72,0.082,0,synthetic
2026-08-20T20:24:00,1502.9,35.3,63.2,0.75,0.075,0,synthetic
2026-08-20T20:25:00,1487.8,36.0,61.4,0.75,0.097,0,synthetic
2026-08-20T20:26:00,1482.3,35.4,61.7,0.72,0.092,0,synthetic
2026-08-20T20:27:00,1494.7,36.1,61.7,0.72,0.076,0,synthetic
2026-08-20T20:28:00,1519.3,35.9,58.7,0.71,0.065,0,synthetic
2026-08-20T20:29:00,1485.0,34.6,61.9,0.73,0.123,0,synthetic
2026-08-20T20:30:00,1521.7,35.8,59.4,0.69,0.087,0,synthetic
2026-08-20T20:31:00,1497.0,35.2,61.2,0.68,0.09,0,synthetic
2026-08-20T20:32:00,1489.0,35.9,61.4,0.69,0.146,0,synthetic
2026-08-20T20:33:00,1531.6,34.7,60.9,0.71,0.103,0,synthetic
2026-08-20T20:34:00,1519.7,34.5,60.0,0.72,0.09,0,synthetic
2026-08-20T20:35:00,1467.2,35.8,63.2,0.72,0.076,0,synthetic
2026-08-20T20:36:00,1524.0,35.9,60.4,0.72,0.098,0,synthetic
2026-08-20T20:37:00,1493.4,35.8,57.7,0.68,0.108,0,synthetic
2026-08-20T20:38:00,1505.8,34.6,59.5,0.71,0.096,0,synthetic
2026-08-20T20:39:00,1519.4,35.1,58.8,0.7,0.101,0,synthetic
2026-08-20T20:40:00,1495.7,36.0,58.2,0.69,0.127,0,synthetic
2026-08-20T20:41:00,1510.0,34.7,60.5,0.74,0.113,0,synthetic
2026-08-20T20:42:00,1488.6,35.5,58.1,0.71,0.153,0,synthetic
2026-08-20T20:43:00,1455.9,35.0,59.1,0.76,0.073,0,synthetic
2026-08-20T20:44:00,1528.3,35.3,55.7,0.74,0.097,0,synthetic
2026-08-20T20:45:00,1502.8,35.5,60.8,0.72,0.119,0,synthetic
2026-08-20T20:46:00,1492.8,35.3,59.7,0.74,0.098,0,synthetic
2026-08-20T20:47:00,1501.7,34.9,58.4,0.75,0.096,0,synthetic
2026-08-20T20:48:00,1502.3,36.3,60.8,0.73,0.118,0,synthetic
2026-08-20T20:49:00,1487.7,35.2,61.6,0.69,0.114,0,synthetic
2026-08-20T20:50:00,1495.2,35.6,55.8,0.76,0.11,0,synthetic
2026-08-20T20:51:00,1513.6,34.9,58.0,0.69,0.077,0,synthetic
2026-08-20T20:52:00,1495.6,36.3,56.9,0.68,0.119,0,synthetic
2026-08-20T20:53:00,1519.6,35.4,58.1,0.7,0.117,0,synthetic
2026-08-20T20:54:00,1496.3,36.2,62.5,0.76,0.075,0,synthetic
2026-08-20T20:55:00,1514.3,35.2,59.5,0.79,0.089,0,synthetic
2026-08-20T20:56:00,1524.7,35.9,59.1,0.72,0.092,0,synthetic
2026-08-20T20:57:00,1471.7,36.2,56.1,0.7,0.112,0,synthetic
2026-08-20T20:58:00,1526.4,35.2,61.2,0.68,0.091,0,synthetic
2026-08-20T20:59:00,1501.7,36.0,57.5,0.74,0.091,0,synthetic
2026-08-20T21:00:00,1481.5,35.1,60.1,0.72,0.097,0,synthetic
2026-08-20T21:01:00,1501.5,35.7,60.0,0.71,0.125,0,synthetic
2026-08-20T21:02:00,1555.6,36.6,61.1,0.69,0.073,0,synthetic
2026-08-20T21:03:00,1495.3,34.9,56.2,0.78,0.069,0,synthetic
2026-08-20T21:04:00,1518.0,35.5,55.1,0.75,0.09,0,synthetic
2026-08-20T21:05:00,1535.7,35.8,60.0,0.71,0.054,0,synthetic
2026-08-20T21:06:00,1494.8,36.5,63.5,0.71,0.122,0,synthetic
2026-08-20T21:07:00,1522.0,35.4,62.5,0.73,0.101,0,synthetic
2026-08-20T21:08:00,1541.2,35.0,60.8,0.68,0.09,0,synthetic
2026-08-20T21:09:00,1525.4,35.5,59.6,0.72,0.072,0,synthetic
2026-08-20T21:10:00,1461.2,34.5,60.9,0.72,0.068,0,synthetic
2026-08-20T21:11:00,1516.2,35.2,56.9,0.72,0.074,0,synthetic
2026-08-20T21:12:00,1506.6,34.9,61.4,0.7,0.093,0,synthetic
2026-08-20T21:13:00,1526.7,34.9,61.2,0.72,0.106,0,synthetic
2026-08-20T21:14:00,1508.8,35.5,62.4,0.72,0.064,0,synthetic
2026-08-20T21:15:00,1486.4,35.5,65.3,0.68,0.13,0,synthetic
2026-08-20T21:16:00,1477.3,36.1,60.3,0.7,0.126,0,synthetic
2026-08-20T21:17:00,1510.2,35.2,58.6,0.7,0.13,0,synthetic
2026-08-20T21:18:00,1487.4,35.2,60.1,0.64,0.07,0,synthetic
2026-08-20T21:19:00,1493.5,35.3,56.9,0.68,0.094,0,synthetic
2026-08-20T21:20:00,1462.0,35.6,59.2,0.72,0.072,0,synthetic
2026-08-20T21:21:00,1482.0,34.9,59.5,0.7,0.091,0,synthetic
2026-08-20T21:22:00,1494.5,34.7,57.7,0.75,0.078,0,synthetic
2026-08-20T21:23:00,1479.9,35.2,60.4,0.68,0.12,0,synthetic
2026-08-20T21:24:00,1492.4,35.5,57.4,0.68,0.097,0,synthetic
2026-08-20T21:25:00,1516.2,35.7,61.7,0.69,0.09,0,synthetic
2026-08-20T21:26:00,1500.8,34.8,58.5,0.71,0.103,0,synthetic
2026-08-20T21:27:00,1512.3,36.7,60.2,0.75,0.082,0,synthetic
2026-08-20T21:28:00,1513.9,34.7,59.9,0.66,0.082,0,synthetic
2026-08-20T21:29:00,1550.0,35.2,61.4,0.71,0.072,0,synthetic
2026-08-20T21:30:00,1502.2,35.2,60.8,0.69,0.119,0,synthetic
2026-08-20T21:31:00,1507.6,35.2,58.0,0.75,0.124,0,synthetic
2026-08-20T21:32:00,1524.5,34.5,59.5,0.68,0.109,0,synthetic
2026-08-20T21:33:00,1494.8,35.8,60.5,0.76,0.11,0,synthetic
2026-08-20T21:34:00,1531.0,36.1,57.4,0.75,0.085,0,synthetic
2026-08-20T21:35:00,1485.9,34.5,58.6,0.77,0.103,0,synthetic
2026-08-20T21:36:00,1493.0,35.2,59.9,0.72,0.093,0,synthetic
2026-08-20T21:37:00,1505.7,35.6,61.1,0.71,0.099,0,synthetic
2026-08-20T21:38:00,1511.6,35.5,60.0,0.73,0.131,0,synthetic
2026-08-20T21:39:00,1516.4,35.4,59.6,0.69,0.114,0,synthetic
2026-08-20T21:40:00,1505.6,35.1,61.8,0.64,0.065,0,synthetic
2026-08-20T21:41:00,1492.6,34.5,60.2,0.67,0.084,0,synthetic
2026-08-20T21:42:00,1499.7,36.1,60.6,0.75,0.108,0,synthetic
2026-08-20T21:43:00,1471.9,36.5,60.9,0.72,0.122,0,synthetic
2026-08-20T21:44:00,1493.9,35.7,60.5,0.76,0.096,0,synthetic
2026-08-20T21:45:00,1514.1,35.4,59.9,0.76,0.096,0,synthetic
2026-08-20T21:46:00,1497.3,35.2,55.2,0.68,0.143,0,synthetic
2026-08-20T21:47:00,1523.1,35.6,58.3,0.7,0.08,0,synthetic
2026-08-20T21:48:00,1494.2,35.3,64.1,0.73,0.095,0,synthetic
2026-08-20T21:49:00,1502.1,36.3,62.1,0.76,0.095,0,synthetic
2026-08-20T21:50:00,1495.7,35.0,60.5,0.68,0.129,0,synthetic
2026-08-20T21:51:00,1526.6,34.4,63.9,0.7,0.088,0,synthetic
2026-08-20T21:52:00,1474.2,34.8,60.1,0.72,0.118,0,synthetic
2026-08-20T21:53:00,1466.0,34.7,60.6,0.7,0.104,0,synthetic
2026-08-20T21:54:00,1513.6,36.1,59.4,0.75,0.075,0,synthetic
2026-08-20T21:55:00,1500.0,36.0,59.2,0.75,0.147,0,synthetic
2026-08-20T21:56:00,1452.4,35.1,60.7,0.73,0.107,0,synthetic
2026-08-20T21:57:00,1459.0,35.4,62.8,0.73,0.129,0,synthetic
2026-08-20T21:58:00,1468.6,35.2,59.1,0.73,0.092,0,synthetic
2026-08-20T21:59:00,1492.1,35.9,59.1,0.73,0.074,0,synthetic
2026-08-20T22:00:00,1478.0,36.7,59.2,0.77,0.083,0,synthetic
2026-08-20T22:01:00,1536.0,35.5,61.4,0.74,0.081,0,synthetic
2026-08-20T22:02:00,1505.1,35.2,56.7,0.71,0.085,0,synthetic
2026-08-20T22:03:00,1536.3,35.7,55.6,0.68,0.131,0,synthetic
2026-08-20T22:04:00,1516.7,34.8,58.3,0.7,0.117,0,synthetic
2026-08-20T22:05:00,1481.5,36.3,58.1,0.68,0.096,0,synthetic
2026-08-20T22:06:00,1504.8,35.6,59.7,0.7,0.107,0,synthetic
2026-08-20T22:07:00,1515.5,35.0,59.3,0.72,0.082,0,synthetic
2026-08-20T22:08:00,1493.7,35.7,59.1,0.73,0.114,0,synthetic
2026-08-20T22:09:00,1502.9,35.3,62.3,0.7,0.081,0,synthetic
2026-08-20T22:10:00,1509.5,35.8,61.1,0.7,0.095,0,synthetic
2026-08-20T22:11:00,1478.4,35.4,59.9,0.75,0.123,0,synthetic
2026-08-20T22:12:00,1523.8,35.5,61.0,0.72,0.056,0,synthetic
2026-08-20T22:13:00,1476.7,36.4,57.5,0.71,0.101,0,synthetic
2026-08-20T22:14:00,1427.5,45.8,60.1,1.07,0.337,1,synthetic
2026-08-20T22:15:00,1406.1,46.2,60.7,1.04,0.277,1,synthetic
2026-08-20T22:16:00,1409.9,43.2,60.8,1.05,0.293,1,synthetic
2026-08-20T22:17:00,1431.9,43.5,59.6,0.93,0.271,1,synthetic
2026-08-20T22:18:00,1448.9,44.2,57.5,0.93,0.286,1,synthetic
2026-08-20T22:19:00,1407.8,46.1,60.6,1.03,0.293,1,synthetic
2026-08-20T22:20:00,1330.1,43.5,59.8,0.96,0.217,1,synthetic
2026-08-20T22:21:00,1357.7,43.5,58.0,0.92,0.301,1,synthetic
2026-08-20T22:22:00,1421.3,44.3,56.3,0.93,0.269,1,synthetic
2026-08-20T22:23:00,1306.5,46.4,62.4,1.0,0.3,1,synthetic
2026-08-20T22:24:00,1418.7,45.4,55.5,0.97,0.292,1,synthetic
2026-08-20T22:25:00,1404.5,46.3,62.7,1.11,0.291,1,synthetic
2026-08-20T22:26:00,1388.9,43.0,57.1,0.98,0.191,1,synthetic
2026-08-20T22:27:00,1418.8,45.6,61.1,1.03,0.293,1,synthetic
2026-08-20T22:28:00,1432.1,44.5,60.0,0.98,0.282,1,synthetic
2026-08-20T22:29:00,1375.3,45.2,61.9,1.04,0.235,1,synthetic
2026-08-20T22:30:00,1386.9,43.7,58.7,0.95,0.316,1,synthetic
2026-08-20T22:31:00,1439.0,44.9,60.9,1.07,0.343,1,synthetic
2026-08-20T22:32:00,1356.8,45.1,59.2,0.93,0.186,1,synthetic
2026-08-20T22:33:00,1385.6,44.5,56.7,0.93,0.308,1,synthetic
2026-08-20T22:34:00,1405.5,42.4,60.1,0.89,0.247,1,synthetic
2026-08-20T22:35:00,1396.2,43.7,58.4,0.86,0.221,1,synthetic
2026-08-20T22:36:00,1459.7,45.8,60.3,1.09,0.245,1,synthetic
2026-08-20T22:37:00,1369.1,43.7,57.6,0.89,0.28,1,synthetic
2026-08-20T22:38:00,1405.5,43.9,55.3,0.93,0.234,1,synthetic
2026-08-20T22:39:00,1348.8,44.5,59.4,1.04,0.209,1,synthetic
2026-08-20T22:40:00,1367.7,44.1,67.3,0.95,0.355,1,synthetic
2026-08-20T22:41:00,1405.3,45.4,60.6,0.99,0.299,1,synthetic
2026-08-20T22:42:00,1350.8,43.1,60.0,0.93,0.281,1,synthetic
2026-08-20T22:43:00,1449.3,43.7,60.4,0.99,0.268,1,synthetic
2026-08-20T22:44:00,1361.1,45.9,60.0,1.09,0.357,1,synthetic
2026-08-20T22:45:00,1426.1,43.7,59.8,1.05,0.248,1,synthetic
2026-08-20T22:46:00,1052.7,59.1,56.0,1.53,0.442,2,synthetic
2026-08-20T22:47:00,948.1,59.5,60.3,1.52,0.491,2,synthetic
2026-08-20T22:48:00,1035.0,59.5,61.6,1.44,0.492,2,synthetic
2026-08-20T22:49:00,954.8,56.6,61.3,1.27,0.694,2,synthetic
2026-08-20T22:50:00,1100.9,63.4,60.0,1.87,0.45,2,synthetic
2026-08-20T22:51:00,976.9,59.0,58.3,1.36,0.46,2,synthetic
2026-08-20T22:52:00,1095.7,57.9,60.9,1.46,0.584,2,synthetic
2026-08-20T22:53:00,1043.0,55.6,60.1,1.31,0.521,2,synthetic
2026-08-20T22:54:00,851.2,62.0,60.6,1.61,0.495,2,synthetic
2026-08-20T22:55:00,917.1,59.2,58.8,1.32,0.755,2,synthetic
2026-08-20T22:56:00,1040.6,57.0,57.8,1.37,0.585,2,synthetic
2026-08-20T22:57:00,914.3,59.3,61.8,1.45,0.46,2,synthetic
2026-08-20T22:58:00,957.4,60.1,58.6,1.55,0.57,2,synthetic
2026-08-20T22:59:00,1058.4,60.0,55.5,1.62,0.513,2,synthetic
2026-08-20T23:00:00,985.7,60.5,58.2,1.57,0.654,2,synthetic
2026-08-20T23:01:00,1106.7,56.9,60.9,1.23,0.622,2,synthetic
2026-08-20T23:02:00,913.4,60.1,59.1,1.59,0.433,2,synthetic
2026-08-20T23:03:00,879.7,61.7,60.6,1.46,0.694,2,synthetic
2026-08-20T23:04:00,1109.3,59.9,59.8,1.48,0.59,2,synthetic
2026-08-20T23:05:00,1510.7,34.8,63.6,0.7,0.098,0,synthetic
2026-08-20T23:06:00,1478.7,35.0,57.9,0.72,0.138,0,synthetic
2026-08-20T23:07:00,1500.5,35.5,56.8,0.73,0.12,0,synthetic
2026-08-20T23:08:00,1473.7,35.3,58.8,0.76,0.094,0,synthetic
2026-08-20T23:09:00,1488.9,35.3,56.7,0.68,0.142,0,synthetic
2026-08-20T23:10:00,1511.8,35.7,59.1,0.75,0.119,0,synthetic
2026-08-20T23:11:00,1494.0,35.6,63.6,0.74,0.089,0,synthetic
2026-08-20T23:12:00,1515.7,34.5,60.6,0.67,0.114,0,synthetic
2026-08-20T23:13:00,1515.5,36.7,61.6,0.77,0.127,0,synthetic
2026-08-20T23:14:00,1505.8,35.6,57.2,0.72,0.117,0,synthetic
2026-08-20T23:15:00,1508.1,36.3,58.8,0.72,0.083,0,synthetic
2026-08-20T23:16:00,1541.0,35.4,60.2,0.67,0.089,0,synthetic
2026-08-20T23:17:00,1508.0,35.3,59.6,0.73,0.077,0,synthetic
2026-08-20T23:18:00,1472.7,35.3,63.8,0.7,0.11,0,synthetic
2026-08-20T23:19:00,1524.5,34.7,60.5,0.67,0.081,0,synthetic
2026-08-20T23:20:00,1515.3,35.2,58.4,0.71,0.109,0,synthetic
2026-08-20T23:21:00,1488.9,35.7,59.6,0.72,0.098,0,synthetic
2026-08-20T23:22:00,1519.4,35.6,61.1,0.73,0.121,0,synthetic
2026-08-20T23:23:00,1465.5,36.3,62.8,0.71,0.099,0,synthetic
2026-08-20T23:24:00,1530.7,35.4,63.4,0.74,0.086,0,synthetic
2026-08-20T23:25:00,1481.2,36.5,56.3,0.71,0.096,0,synthetic
2026-08-20T23:26:00,1524.1,35.3,59.0,0.69,0.073,0,synthetic
2026-08-20T23:27:00,1525.1,36.5,57.4,0.74,0.141,0,synthetic
2026-08-20T23:28:00,1506.9,35.3,59.3,0.76,0.084,0,synthetic
2026-08-20T23:29:00,1457.9,34.7,61.6,0.72,0.062,0,synthetic
2026-08-20T23:30:00,1490.5,36.0,62.5,0.77,0.071,0,synthetic
2026-08-20T23:31:00,1465.7,35.1,58.7,0.8,0.099,0,synthetic
2026-08-20T23:32:00,1495.6,35.7,59.9,0.72,0.102,0,synthetic
2026-08-20T23:33:00,1492.2,34.1,60.6,0.66,0.097,0,synthetic
2026-08-20T23:34:00,1480.4,34.9,59.2,0.72,0.126,0,synthetic
2026-08-20T23:35:00,1491.3,34.4,64.7,0.77,0.093,0,synthetic
2026-08-20T23:36:00,1374.7,43.8,58.1,0.93,0.261,1,synthetic
2026-08-20T23:37:00,1322.3,43.3,61.7,0.98,0.305,1,synthetic
2026-08-20T23:38:00,1387.4,43.6,63.7,0.97,0.304,1,synthetic
2026-08-20T23:39:00,1408.1,44.1,61.4,0.94,0.256,1,synthetic
2026-08-20T23:40:00,1277.3,43.9,59.9,1.0,0.281,1,synthetic
2026-08-20T23:41:00,1406.7,45.6,58.5,1.02,0.174,1,synthetic
2026-08-20T23:42:00,1414.0,44.6,59.3,1.02,0.245,1,synthetic
2026-08-20T23:43:00,1317.5,44.3,62.3,1.05,0.249,1,synthetic
2026-08-20T23:44:00,1399.5,43.5,54.8,0.98,0.302,1,synthetic
2026-08-20T23:45:00,1385.9,45.2,63.1,1.09,0.275,1,synthetic
2026-08-20T23:46:00,1373.1,45.4,58.5,0.97,0.273,1,synthetic
2026-08-20T23:47:00,1402.6,45.0,58.7,1.05,0.241,1,synthetic
2026-08-20T23:48:00,1401.0,43.5,59.2,0.96,0.309,1,synthetic
2026-08-20T23:49:00,1414.0,43.3,59.2,0.86,0.365,1,synthetic
2026-08-20T23:50:00,1395.5,45.1,57.6,0.98,0.277,1,synthetic
2026-08-20T23:51:00,1400.4,44.6,59.4,1.01,0.276,1,synthetic
2026-08-20T23:52:00,1394.9,43.8,62.3,0.98,0.313,1,synthetic
2026-08-20T23:53:00,1395.5,43.4,58.4,1.0,0.34,1,synthetic
2026-08-20T23:54:00,1472.9,43.5,60.4,0.96,0.228,1,synthetic
2026-08-20T23:55:00,1409.7,43.3,56.9,0.94,0.342,1,synthetic
2026-08-20T23:56:00,1428.7,46.2,60.8,0.84,0.272,1,synthetic
2026-08-20T23:57:00,1350.8,44.8,60.7,0.98,0.278,1,synthetic
2026-08-20T23:58:00,1353.6,45.2,58.1,1.08,0.29,1,synthetic
2026-08-20T23:59:00,1435.0,44.0,60.0,0.96,0.291,1,synthetic
2026-08-21T00:00:00,1414.1,44.5,64.3,0.95,0.246,1,synthetic
2026-08-21T00:01:00,1368.0,43.6,58.1,0.97,0.281,1,synthetic
2026-08-21T00:02:00,1401.8,44.7,62.2,0.94,0.322,1,synthetic
2026-08-21T00:03:00,1453.7,43.7,59.9,0.98,0.306,1,synthetic
2026-08-21T00:04:00,1459.4,45.5,57.9,0.98,0.295,1,synthetic
2026-08-21T00:05:00,967.5,60.4,59.9,1.55,0.556,2,synthetic
2026-08-21T00:06:00,882.6,59.5,64.7,1.48,0.622,2,synthetic
2026-08-21T00:07:00,963.7,58.0,61.6,1.32,0.545,2,synthetic
2026-08-21T00:08:00,958.0,61.1,60.9,1.61,0.707,2,synthetic
2026-08-21T00:09:00,935.5,60.9,60.0,1.58,0.634,2,synthetic
2026-08-21T00:10:00,783.7,57.9,57.6,1.37,0.5,2,synthetic
2026-08-21T00:11:00,986.5,57.4,62.6,1.35,0.465,2,synthetic
2026-08-21T00:12:00,967.1,59.8,62.3,1.39,0.513,2,synthetic
2026-08-21T00:13:00,776.4,58.8,57.9,1.57,0.665,2,synthetic
2026-08-21T00:14:00,984.0,57.0,57.7,1.36,0.568,2,synthetic
2026-08-21T00:15:00,1143.1,58.3,58.4,1.34,0.649,2,synthetic
2026-08-21T00:16:00,1070.8,58.8,59.7,1.44,0.514,2,synthetic
2026-08-21T00:17:00,1076.6,58.8,59.3,1.59,0.583,2,synthetic
2026-08-21T00:18:00,1255.4,61.1,64.5,1.54,0.74,2,synthetic
2026-08-21T00:19:00,1044.1,59.2,61.0,1.45,0.411,2,synthetic
2026-08-21T00:20:00,972.0,58.8,58.7,1.5,0.618,2,synthetic
2026-08-21T00:21:00,938.6,56.8,60.4,1.35,0.447,2,synthetic
2026-08-21T00:22:00,946.8,60.3,63.1,1.47,0.51,2,synthetic
2026-08-21T00:23:00,1089.1,59.2,62.0,1.49,0.532,2,synthetic
2026-08-21T00:24:00,959.2,60.1,59.9,1.53,0.635,2,synthetic
2026-08-21T00:25:00,1081.1,60.0,62.0,1.66,0.512,2,synthetic
2026-08-21T00:26:00,1504.2,34.8,63.2,0.72,0.092,0,synthetic
2026-08-21T00:27:00,1539.4,35.7,59.1,0.73,0.112,0,synthetic
2026-08-21T00:28:00,1518.6,35.5,56.1,0.73,0.094,0,synthetic
2026-08-21T00:29:00,1506.3,35.0,62.7,0.71,0.106,0,synthetic
2026-08-21T00:30:00,1525.7,35.2,58.7,0.72,0.074,0,synthetic
2026-08-21T00:31:00,1463.3,34.8,62.7,0.76,0.103,0,synthetic
2026-08-21T00:32:00,1487.4,35.6,55.4,0.74,0.098,0,synthetic
2026-08-21T00:33:00,1533.3,35.1,62.7,0.71,0.114,0,synthetic
2026-08-21T00:34:00,1521.0,35.3,59.4,0.72,0.095,0,synthetic
2026-08-21T00:35:00,1464.7,36.3,61.3,0.74,0.082,0,synthetic
2026-08-21T00:36:00,1491.4,35.1,58.6,0.72,0.077,0,synthetic
2026-08-21T00:37:00,1510.8,34.7,56.8,0.71,0.077,0,synthetic
2026-08-21T00:38:00,1500.8,35.0,58.8,0.68,0.109,0,synthetic
2026-08-21T00:39:00,1505.9,35.4,61.9,0.7,0.099,0,synthetic
2026-08-21T00:40:00,1535.3,36.8,58.8,0.8,0.102,0,synthetic
2026-08-21T00:41:00,1530.1,35.6,61.0,0.74,0.09,0,synthetic
2026-08-21T00:42:00,1490.8,36.3,63.1,0.73,0.079,0,synthetic
2026-08-21T00:43:00,1479.0,35.1,55.8,0.69,0.115,0,synthetic
2026-08-21T00:44:00,1487.9,34.9,64.9,0.72,0.076,0,synthetic
2026-08-21T00:45:00,1482.8,35.7,60.7,0.71,0.093,0,synthetic
2026-08-21T00:46:00,1519.0,36.1,58.1,0.71,0.075,0,synthetic
2026-08-21T00:47:00,1534.6,34.9,57.1,0.65,0.104,0,synthetic
2026-08-21T00:48:00,1495.5,36.1,59.4,0.73,0.089,0,synthetic
2026-08-21T00:49:00,1487.5,36.3,62.5,0.76,0.109,0,synthetic
2026-08-21T00:50:00,1494.7,35.0,58.9,0.7,0.088,0,synthetic
2026-08-21T00:51:00,1490.0,34.7,62.9,0.7,0.142,0,synthetic
2026-08-21T00:52:00,1534.5,35.7,56.6,0.72,0.115,0,synthetic
2026-08-21T00:53:00,1455.2,35.3,59.6,0.73,0.084,0,synthetic
2026-08-21T00:54:00,1534.9,35.3,56.6,0.79,0.104,0,synthetic
2026-08-21T00:55:00,1509.4,34.5,61.3,0.77,0.095,0,synthetic
2026-08-21T00:56:00,1519.7,35.3,61.7,0.67,0.104,0,synthetic
2026-08-21T00:57:00,1484.2,35.6,57.5,0.75,0.092,0,synthetic
2026-08-21T00:58:00,1525.2,35.6,54.4,0.74,0.102,0,synthetic
2026-08-21T00:59:00,1478.5,34.9,60.1,0.71,0.058,0,synthetic
2026-08-21T01:00:00,1512.2,36.2,61.7,0.72,0.116,0,synthetic
2026-08-21T01:01:00,1509.4,34.2,62.2,0.72,0.08,0,synthetic
2026-08-21T01:02:00,1506.8,35.8,63.2,0.78,0.069,0,synthetic
2026-08-21T01:03:00,1505.3,34.4,57.7,0.76,0.1,0,synthetic
2026-08-21T01:04:00,1469.3,35.3,61.7,0.69,0.119,0,synthetic
2026-08-21T01:05:00,1465.6,35.1,61.9,0.71,0.076,0,synthetic
2026-08-21T01:06:00,1478.3,35.2,55.9,0.72,0.087,0,synthetic
2026-08-21T01:07:00,1472.0,35.5,59.5,0.66,0.099,0,synthetic
2026-08-21T01:08:00,1523.8,35.6,59.5,0.74,0.099,0,synthetic
2026-08-21T01:09:00,1483.5,35.5,60.0,0.69,0.116,0,synthetic
2026-08-21T01:10:00,1483.1,35.4,61.9,0.74,0.085,0,synthetic
2026-08-21T01:11:00,1486.8,35.7,59.2,0.67,0.079,0,synthetic
2026-08-21T01:12:00,1497.4,35.1,58.9,0.7,0.11,0,synthetic
2026-08-21T01:13:00,1485.4,34.5,60.0,0.69,0.087,0,synthetic
2026-08-21T01:14:00,1504.7,35.3,59.0,0.61,0.084,0,synthetic
2026-08-21T01:15:00,1478.4,34.8,58.1,0.72,0.13,0,synthetic
2026-08-21T01:16:00,1484.0,34.3,63.5,0.7,0.084,0,synthetic
2026-08-21T01:17:00,1516.9,34.8,58.0,0.75,0.11,0,synthetic
2026-08-21T01:18:00,1521.5,36.2,62.8,0.69,0.119,0,synthetic
2026-08-21T01:19:00,1491.6,36.1,59.5,0.69,0.093,0,synthetic
2026-08-21T01:20:00,1458.6,35.2,57.3,0.72,0.091,0,synthetic
2026-08-21T01:21:00,1488.9,34.7,57.8,0.66,0.141,0,synthetic
2026-08-21T01:22:00,1522.1,35.3,63.3,0.71,0.099,0,synthetic
2026-08-21T01:23:00,1493.3,36.8,57.4,0.77,0.057,0,synthetic
2026-08-21T01:24:00,1527.4,35.8,59.8,0.72,0.087,0,synthetic
2026-08-21T01:25:00,1512.8,35.5,60.9,0.69,0.09,0,synthetic
2026-08-21T01:26:00,1515.0,35.6,60.9,0.66,0.107,0,synthetic
2026-08-21T01:27:00,1485.2,35.3,58.8,0.71,0.028,0,synthetic
2026-08-21T01:28:00,1510.7,35.6,59.6,0.7,0.096,0,synthetic
2026-08-21T01:29:00,1518.0,35.2,62.7,0.71,0.111,0,synthetic
2026-08-21T01:30:00,1508.2,35.2,64.0,0.7,0.13,0,synthetic
2026-08-21T01:31:00,1529.1,35.6,62.6,0.75,0.072,0,synthetic
2026-08-21T01:32:00,1517.8,35.9,59.6,0.69,0.087,0,synthetic
2026-08-21T01:33:00,1494.0,35.4,57.7,0.77,0.099,0,synthetic
2026-08-21T01:34:00,1506.7,35.7,59.4,0.68,0.095,0,synthetic
2026-08-21T01:35:00,1513.4,35.2,60.1,0.7,0.124,0,synthetic
2026-08-21T01:36:00,1496.6,35.6,62.1,0.76,0.103,0,synthetic
2026-08-21T01:37:00,1471.4,34.3,62.9,0.68,0.068,0,synthetic
2026-08-21T01:38:00,1530.9,35.9,61.4,0.73,0.092,0,synthetic
2026-08-21T01:39:00,1466.6,35.9,57.5,0.8,0.11,0,synthetic
2026-08-21T01:40:00,1514.2,36.0,62.4,0.72,0.087,0,synthetic
2026-08-21T01:41:00,1483.8,34.3,59.1,0.76,0.106,0,synthetic
2026-08-21T01:42:00,1500.4,36.2,59.3,0.73,0.116,0,synthetic
2026-08-21T01:43:00,1502.5,34.8,59.5,0.69,0.146,0,synthetic
2026-08-21T01:44:00,1526.3,36.2,65.2,0.74,0.079,0,synthetic
2026-08-21T01:45:00,1499.4,35.4,67.2,0.8,0.066,0,synthetic
2026-08-21T01:46:00,1421.2,44.8,62.0,0.97,0.268,1,synthetic
2026-08-21T01:47:00,1411.1,44.1,58.7,1.04,0.239,1,synthetic
2026-08-21T01:48:00,1376.5,46.0,61.3,1.04,0.284,1,synthetic
2026-08-21T01:49:00,1392.1,45.3,62.9,0.99,0.254,1,synthetic
2026-08-21T01:50:00,1394.0,43.7,59.4,0.93,0.243,1,synthetic
2026-08-21T01:51:00,1431.8,44.0,61.8,0.9,0.267,1,synthetic
2026-08-21T01:52:00,1360.8,44.6,60.3,0.94,0.248,1,synthetic
2026-08-21T01:53:00,1370.6,45.8,59.1,1.01,0.349,1,synthetic
2026-08-21T01:54:00,1410.2,44.1,61.4,0.97,0.286,1,synthetic
2026-08-21T01:55:00,1395.3,44.0,61.1,0.95,0.244,1,synthetic
2026-08-21T01:56:00,1411.0,46.1,62.6,1.03,0.26,1,synthetic
2026-08-21T01:57:00,1430.8,44.4,57.6,0.98,0.271,1,synthetic
2026-08-21T01:58:00,1383.2,44.6,59.1,1.02,0.306,1,synthetic
2026-08-21T01:59:00,1361.1,45.0,57.4,1.02,0.277,1,synthetic
2026-08-21T02:00:00,1387.8,44.5,62.5,0.95,0.306,1,synthetic
2026-08-21T02:01:00,1441.3,44.2,61.2,0.93,0.283,1,synthetic
2026-08-21T02:02:00,1460.1,44.9,59.9,0.96,0.294,1,synthetic
2026-08-21T02:03:00,1360.1,41.6,63.9,0.91,0.245,1,synthetic
2026-08-21T02:04:00,1461.9,44.9,59.5,0.99,0.223,1,synthetic
2026-08-21T02:05:00,1354.4,43.5,62.1,1.03,0.312,1,synthetic
2026-08-21T02:06:00,1443.4,44.8,60.6,1.09,0.395,1,synthetic
2026-08-21T02:07:00,1377.6,43.4,59.6,0.94,0.293,1,synthetic
2026-08-21T02:08:00,1343.8,44.2,61.5,0.97,0.331,1,synthetic
2026-08-21T02:09:00,1406.6,45.4,61.4,1.05,0.214,1,synthetic
2026-08-21T02:10:00,1395.8,44.4,57.5,1.04,0.232,1,synthetic
2026-08-21T02:11:00,1370.8,44.3,59.4,1.06,0.275,1,synthetic
2026-08-21T02:12:00,1337.9,44.0,58.1,0.91,0.296,1,synthetic
2026-08-21T02:13:00,1387.5,45.1,60.1,0.99,0.269,1,synthetic
2026-08-21T02:14:00,1401.7,44.8,61.4,1.01,0.272,1,synthetic
2026-08-21T02:15:00,1390.1,44.3,61.6,0.96,0.262,1,synthetic
2026-08-21T02:16:00,1435.9,46.2,60.7,1.05,0.23,1,synthetic
2026-08-21T02:17:00,1411.0,43.6,58.6,0.93,0.286,1,synthetic
2026-08-21T02:18:00,1068.7,62.3,59.8,1.61,0.536,2,synthetic
2026-08-21T02:19:00,1088.0,58.2,58.3,1.18,0.744,2,synthetic
2026-08-21T02:20:00,862.2,59.6,61.9,1.48,0.434,2,synthetic
2026-08-21T02:21:00,944.7,62.0,60.9,1.58,0.614,2,synthetic
2026-08-21T02:22:00,906.8,58.7,62.6,1.57,0.528,2,synthetic
2026-08-21T02:23:00,1188.0,59.1,58.5,1.45,0.723,2,synthetic
2026-08-21T02:24:00,969.6,61.6,55.0,1.65,0.488,2,synthetic
2026-08-21T02:25:00,983.2,59.8,63.6,1.57,0.52,2,synthetic
2026-08-21T02:26:00,1147.8,58.7,59.1,1.53,0.498,2,synthetic
2026-08-21T02:27:00,1045.7,57.2,56.2,1.33,0.608,2,synthetic
2026-08-21T02:28:00,945.7,61.1,61.7,1.39,0.544,2,synthetic
2026-08-21T02:29:00,1483.2,35.1,59.7,0.73,0.093,0,synthetic
2026-08-21T02:30:00,1524.2,35.2,61.6,0.72,0.133,0,synthetic
2026-08-21T02:31:00,1544.2,34.8,62.9,0.73,0.083,0,synthetic
2026-08-21T02:32:00,1499.3,35.2,62.4,0.7,0.097,0,synthetic
2026-08-21T02:33:00,1511.4,34.6,58.1,0.72,0.13,0,synthetic
2026-08-21T02:34:00,1494.2,36.2,62.1,0.73,0.098,0,synthetic
2026-08-21T02:35:00,1526.9,36.4,61.3,0.7,0.085,0,synthetic
2026-08-21T02:36:00,1452.3,34.7,56.8,0.7,0.064,0,synthetic
2026-08-21T02:37:00,1497.3,35.9,60.4,0.69,0.101,0,synthetic
2026-08-21T02:38:00,1491.7,36.3,56.2,0.77,0.128,0,synthetic
2026-08-21T02:39:00,1539.7,35.0,62.6,0.67,0.072,0,synthetic
2026-08-21T02:40:00,1496.0,34.4,58.7,0.71,0.071,0,synthetic
2026-08-21T02:41:00,1515.8,36.1,57.4,0.7,0.086,0,synthetic
2026-08-21T02:42:00,1478.4,34.4,56.5,0.68,0.092,0,synthetic
2026-08-21T02:43:00,1509.3,34.6,61.4,0.72,0.094,0,synthetic
2026-08-21T02:44:00,1502.1,36.2,58.0,0.72,0.07,0,synthetic
2026-08-21T02:45:00,1501.8,36.7,62.8,0.75,0.119,0,synthetic
2026-08-21T02:46:00,1519.0,35.9,57.3,0.74,0.088,0,synthetic
2026-08-21T02:47:00,1503.1,35.8,57.7,0.72,0.123,0,synthetic
2026-08-21T02:48:00,1486.1,36.0,56.6,0.75,0.089,0,synthetic
2026-08-21T02:49:00,1504.7,35.7,62.1,0.66,0.095,0,synthetic
2026-08-21T02:50:00,1479.0,35.7,59.7,0.75,0.098,0,synthetic
2026-08-21T02:51:00,1552.7,35.8,59.0,0.75,0.123,0,synthetic
2026-08-21T02:52:00,1452.1,34.8,59.4,0.7,0.09,0,synthetic
2026-08-21T02:53:00,1460.4,35.7,61.3,0.72,0.116,0,synthetic
2026-08-21T02:54:00,1480.7,34.4,61.5,0.66,0.065,0,synthetic
2026-08-21T02:55:00,1496.8,35.0,62.9,0.69,0.107,0,synthetic
2026-08-21T02:56:00,1522.8,34.4,59.0,0.68,0.108,0,synthetic
2026-08-21T02:57:00,1517.7,35.4,57.6,0.75,0.081,0,synthetic
2026-08-21T02:58:00,1494.5,35.5,57.9,0.74,0.106,0,synthetic
2026-08-21T02:59:00,1497.6,34.2,60.8,0.69,0.112,0,synthetic
2026-08-21T03:00:00,1487.4,35.2,58.9,0.7,0.071,0,synthetic
2026-08-21T03:01:00,1499.5,36.2,57.6,0.74,0.133,0,synthetic
2026-08-21T03:02:00,1509.3,35.3,61.4,0.7,0.09,0,synthetic
2026-08-21T03:03:00,1492.3,34.7,59.3,0.73,0.079,0,synthetic
2026-08-21T03:04:00,1497.2,35.0,58.7,0.75,0.116,0,synthetic
2026-08-21T03:05:00,1559.9,35.8,58.4,0.77,0.114,0,synthetic
2026-08-21T03:06:00,1489.1,34.8,59.2,0.76,0.105,0,synthetic
2026-08-21T03:07:00,1522.4,35.7,57.9,0.77,0.131,0,synthetic
2026-08-21T03:08:00,1435.2,35.7,61.8,0.73,0.1,0,synthetic
2026-08-21T03:09:00,1473.5,35.2,62.8,0.74,0.113,0,synthetic
2026-08-21T03:10:00,1512.1,35.4,56.4,0.71,0.099,0,synthetic
2026-08-21T03:11:00,1520.0,35.5,58.2,0.74,0.142,0,synthetic
2026-08-21T03:12:00,1423.3,35.0,56.7,0.76,0.089,0,synthetic
2026-08-21T03:13:00,1491.1,35.3,59.0,0.74,0.069,0,synthetic
2026-08-21T03:14:00,1512.5,34.4,59.4,0.74,0.084,0,synthetic
2026-08-21T03:15:00,1504.8,35.7,56.0,0.76,0.059,0,synthetic
2026-08-21T03:16:00,1467.0,35.6,58.9,0.75,0.111,0,synthetic
2026-08-21T03:17:00,1490.4,35.5,58.6,0.71,0.144,0,synthetic
2026-08-21T03:18:00,1500.1,35.1,61.3,0.66,0.059,0,synthetic
2026-08-21T03:19:00,1515.8,36.7,59.4,0.75,0.08,0,synthetic
2026-08-21T03:20:00,1504.3,35.8,58.0,0.72,0.097,0,synthetic
2026-08-21T03:21:00,1473.0,36.2,60.9,0.72,0.092,0,synthetic
2026-08-21T03:22:00,1491.8,35.0,59.0,0.69,0.062,0,synthetic
2026-08-21T03:23:00,1528.5,35.7,59.7,0.75,0.105,0,synthetic
2026-08-21T03:24:00,1489.6,35.6,61.6,0.77,0.096,0,synthetic
2026-08-21T03:25:00,1496.1,35.3,63.3,0.75,0.079,0,synthetic
2026-08-21T03:26:00,1470.5,35.0,56.5,0.75,0.089,0,synthetic
2026-08-21T03:27:00,1507.6,35.1,62.6,0.79,0.116,0,synthetic
2026-08-21T03:28:00,1493.7,34.0,60.8,0.76,0.116,0,synthetic
2026-08-21T03:29:00,1518.9,36.1,56.2,0.72,0.08,0,synthetic
2026-08-21T03:30:00,1498.2,35.7,62.3,0.79,0.116,0,synthetic
2026-08-21T03:31:00,1520.5,35.2,63.9,0.78,0.108,0,synthetic
2026-08-21T03:32:00,1529.1,35.0,58.4,0.71,0.086,0,synthetic
2026-08-21T03:33:00,1516.0,35.5,58.0,0.68,0.138,0,synthetic
2026-08-21T03:34:00,1481.9,35.3,62.7,0.8,0.105,0,synthetic
2026-08-21T03:35:00,1515.4,35.7,60.1,0.71,0.117,0,synthetic
2026-08-21T03:36:00,1459.8,35.4,61.2,0.68,0.136,0,synthetic
2026-08-21T03:37:00,1533.3,35.5,60.6,0.72,0.095,0,synthetic
2026-08-21T03:38:00,1495.7,35.3,61.6,0.75,0.103,0,synthetic
2026-08-21T03:39:00,1507.8,36.4,57.2,0.69,0.073,0,synthetic
2026-08-21T03:40:00,1501.7,34.4,60.5,0.72,0.152,0,synthetic
2026-08-21T03:41:00,1506.6,35.7,63.4,0.71,0.106,0,synthetic
2026-08-21T03:42:00,1469.9,35.9,61.3,0.7,0.109,0,synthetic
2026-08-21T03:43:00,1519.1,35.4,59.4,0.72,0.082,0,synthetic
2026-08-21T03:44:00,1513.1,35.2,57.6,0.73,0.074,0,synthetic
2026-08-21T03:45:00,1507.0,35.9,61.2,0.74,0.108,0,synthetic
2026-08-21T03:46:00,1492.3,34.6,61.0,0.69,0.105,0,synthetic
2026-08-21T03:47:00,1495.9,35.4,60.1,0.68,0.081,0,synthetic
2026-08-21T03:48:00,1502.0,36.3,62.3,0.73,0.102,0,synthetic
2026-08-21T03:49:00,1470.8,36.5,58.3,0.77,0.107,0,synthetic
2026-08-21T03:50:00,1507.9,35.0,60.5,0.72,0.131,0,synthetic
2026-08-21T03:51:00,1517.9,35.0,57.9,0.75,0.103,0,synthetic
2026-08-21T03:52:00,1504.7,35.4,61.0,0.75,0.113,0,synthetic
2026-08-21T03:53:00,1452.7,36.7,59.6,0.78,0.066,0,synthetic
2026-08-21T03:54:00,1497.1,35.2,60.0,0.75,0.079,0,synthetic
2026-08-21T03:55:00,1505.9,36.0,58.9,0.72,0.102,0,synthetic
2026-08-21T03:56:00,1505.7,36.1,60.2,0.75,0.088,0,synthetic
2026-08-21T03:57:00,1499.3,34.7,61.2,0.74,0.082,0,synthetic
2026-08-21T03:58:00,1484.7,35.9,58.9,0.72,0.087,0,synthetic
2026-08-21T03:59:00,1503.0,36.2,57.2,0.72,0.104,0,synthetic
